id,participant_id,day,stage,question_id,value,updated_at
0010643e-c50e-48b2-8a51-9d46ec2f1bd5,5b6c5fa9-29f7-4e44-bb90-a2979152873f,1,task3,understood,5,2026-07-26 19:41:45.228+00
002dce40-eeed-4cec-b53c-16d1de5b8fa9,c3f22102-00d9-5f36-79b7-267eee5f1f0a,2,exit,challenges,,2026-08-02 15:01:03.683+00
0036e7ec-8f08-4686-86fc-0ecebe122e38,48a390b2-f05b-58e0-01c4-88992742c5d5,1,pre,confidence_processing,1,2026-08-02 12:05:30.843+00
003a7f7c-be66-4ebb-8a89-97a4ee0eeb67,70d65ebf-28eb-e1e2-ec23-8e8a381f2f32,1,pre,confidence_arduino,3,2026-07-31 19:10:58.47+00
00516e85-9b08-4911-beff-8619978cfc3e,c3f22102-00d9-5f36-79b7-267eee5f1f0a,1,exit,confidence_circuits,5,2026-08-01 14:27:53.903+00
0052caaf-c7e9-4b84-bff7-dfa785b580d3,1142f088-0475-5367-98e0-aad6a178c561,2,task2,learnt,How to connect Arduino to processing and use the dial to affect the size and colour of the circle.,2026-08-02 13:11:43.615+00
00591871-8e82-4eec-bc78-84cd8edae4f7,c3f22102-00d9-5f36-79b7-267eee5f1f0a,2,task1,learnt,"I used Processing for the first time, it was easy to get started and m",2026-08-02 12:01:28.832+00
007f5184-a7d4-4ceb-8acb-2c991dd07bf2,48a390b2-f05b-58e0-01c4-88992742c5d5,2,task2,learnt,Learned how to control graphics nect Arduino to p,2026-08-02 13:08:11.59+00
00a260ce-bfc0-4ce0-9839-9761151577a7,3f73833c-ad7d-c3b6-b375-383e7eae4e29,2,task4,learnt,how to import audio into sketch and how the manual dial ,2026-08-02 14:38:54.156+00
00e9c23f-4810-4a86-b4eb-311ebeb857dc,1142f088-0475-5367-98e0-aad6a178c561,2,task2,learnt,How to connect arduino to processing and use the dial to affect the size and colour of the circle.,2026-08-02 13:11:39.507+00
0113cfa4-fea4-49fe-b1ea-644f4f72fa95,c3f22102-00d9-5f36-79b7-267eee5f1f0a,2,task1,learnt,"I used Processing for the first time, it was easy",2026-08-02 12:01:26.537+00
0125dbfe-88b5-4770-9c43-01f84a62b0f6,b2276154-9082-b9d5-34fd-c8c0006f10f2,1,pre,confidence_troubleshoot_code,1,2026-08-02 11:09:37.659+00
0157de5f-6e3e-4f05-96b0-2474e832c91f,c3f22102-00d9-5f36-79b7-267eee5f1f0a,2,exit,challenges,Maybe ,2026-08-02 15:01:03.148+00
015f6930-7710-4961-8184-39e300201de2,3f73833c-ad7d-c3b6-b375-383e7eae4e29,2,task2,learnt,how to ,2026-08-02 13:07:44.758+00
017065f6-350e-4d3f-a1d9-16d0ec86ca7d,b2276154-9082-b9d5-34fd-c8c0006f10f2,1,exit,challenges,My shield wasn't properly ,2026-08-01 14:52:43.944+00
0200e18e-01c4-40ce-a74b-1209c02f84ff,fec64d1a-b0df-59db-b5b0-a8576f4a2ac1,2,task3,learnt,Manipulating parameters within Processing using analog ,2026-08-02 13:31:16.489+00
021b2a90-4502-41eb-9a87-e55abafb1e17,dd32a375-a1f4-cfb5-1eb3-51f0ef6afd91,2,task1,learnt,basic code structure in proc,2026-08-02 12:01:19.843+00
0221c563-aec3-4c16-ab5c-8b21e5bed394,48a390b2-f05b-58e0-01c4-88992742c5d5,2,task4,understood,4,2026-08-02 14:37:02.609+00
02961892-f978-491e-adf0-17dd8c9b7fe4,48a390b2-f05b-58e0-01c4-88992742c5d5,2,task1,understood,5,2026-08-02 12:01:34.82+00
02a4c1c4-927b-4c42-aac8-0cd036f1e155,fa81bca3-a30c-be64-b71d-df2a1287f8d5,1,pre,confidence_arduino,3,2026-08-01 11:20:41.509+00
02e90b6e-59d8-48ce-bc29-26ded143b7d7,b2276154-9082-b9d5-34fd-c8c0006f10f2,1,task3,understood,5,2026-08-02 11:09:37.659+00
02eb0298-7fef-4ef8-9fe3-9fa579c33e96,3f73833c-ad7d-c3b6-b375-383e7eae4e29,1,exit,ease,3,2026-08-01 14:24:48.432+00
02feb181-ec61-4f42-98ff-11db8c3b2368,331e64a9-20ea-b8b6-0cf8-34a07c2ab075,1,exit,confidence_arduino,3,2026-08-01 14:25:03.795+00
0325a21e-6eff-4059-8e3c-51a822d67813,0c67f223-00bc-7ae4-f408-7e5114428ba6,2,task2,learnt,I learned to downl,2026-08-02 13:07:10.776+00
03304a7d-6203-44d0-b20e-53dc6755c7d4,aebaf27f-3b1e-d8ea-38c0-1f9f35f1be1b,2,task1,learnt,"How to translate shapes and colours into code using processing, language is adaptable, how to use the mouse as a control, exploring some the sculpting code tool which was fun",2026-08-02 12:02:37.604+00
033993b7-f0d1-42ed-9cf2-8f9831a0b81f,0c67f223-00bc-7ae4-f408-7e5114428ba6,1,exit,confidence_troubleshoot_circuits,3,2026-08-02 11:08:26.099+00
035d9372-1a72-4100-b230-2ed2976c5675,1142f088-0475-5367-98e0-aad6a178c561,2,task2,learnt,How to connect arduino to processing and use the dial to affect the si,2026-08-02 13:11:14.392+00
037d3fba-3601-4487-a707-447d8585d9b7,be87efdd-774c-04ef-ce1f-854ca82a9753,2,task1,understood,5,2026-08-02 12:02:41.444+00
03c655ca-d53a-4e03-a534-7c3150d5917a,b2276154-9082-b9d5-34fd-c8c0006f10f2,1,pre,done_creative_coding,no,2026-08-01 11:20:11.097+00
03ee616b-9f73-4b64-b618-41e0afb4182e,c3f22102-00d9-5f36-79b7-267eee5f1f0a,2,task1,learnt,"I used Processing for the first time, it was easy to get started and move beyond basic shapes and colours The Sculpting Code tool ",2026-08-02 12:01:51.364+00
03fe4b71-0edc-419c-917f-24ae2cc7e81d,3f73833c-ad7d-c3b6-b375-383e7eae4e29,2,task5,learnt,"assigning sounds to visuals, controli",2026-08-02 15:01:26.992+00
04196681-5300-4ee6-9edd-35dc8ceb8928,0c67f223-00bc-7ae4-f408-7e5114428ba6,2,task3,learnt,"Learned to modify input control and graphic, ",2026-08-02 13:50:19.267+00
0459b4a7-8ae5-448c-a871-7502d41c0627,aebaf27f-3b1e-d8ea-38c0-1f9f35f1be1b,2,task1,understood,4,2026-08-02 12:01:29.392+00
045d7795-f179-4991-9c93-d4f454cf0c6b,331e64a9-20ea-b8b6-0cf8-34a07c2ab075,1,exit,confidence_arduino,2,2026-08-02 11:09:37.008+00
04fc7721-704d-43c6-ba38-e2208cdd49d2,dd32a375-a1f4-cfb5-1eb3-51f0ef6afd91,2,task2,learnt,setting up the arduino to ,2026-08-02 13:06:48.981+00
050a283d-5305-43f6-8041-e8f82246f1e0,331e64a9-20ea-b8b6-0cf8-34a07c2ab075,1,pre,confidence_troubleshoot_code,1,2026-08-01 11:20:19.979+00
052d0da6-5a6c-4e5b-bfd0-140fe32b0a64,331e64a9-20ea-b8b6-0cf8-34a07c2ab075,2,task3,understood,3,2026-08-02 13:21:55.801+00
057c592b-f1de-4f7c-93a9-1cdf4d78484a,aebaf27f-3b1e-d8ea-38c0-1f9f35f1be1b,2,exit,worked_well,"As above, I could add sections from this to my own processing sketch, bit of back and forth with issues but my own understanding is a bottleneck rather than the web",2026-08-02 15:03:44.182+00
059730ff-7cb9-4c58-94e0-bd9db7744c5c,331e64a9-20ea-b8b6-0cf8-34a07c2ab075,2,task2,learnt,connecting parameters to an external dial/circuit with code to control image ,2026-08-02 13:07:07.941+00
05b8efd1-6e05-47c9-8d85-b2e41d06b8cd,0c67f223-00bc-7ae4-f408-7e5114428ba6,1,pre,confidence_processing,1,2026-08-02 11:08:26.099+00
05c4b5ab-c188-4114-9aeb-03c041a6726c,0c67f223-00bc-7ae4-f408-7e5114428ba6,2,task1,learnt,I familiarised myself with basic functions in processing and how sequencing of code and placing it within void setup or draw can ,2026-08-02 12:02:58.194+00
05f8a258-aa09-4fe7-93c7-99d138c7b8e3,c3f22102-00d9-5f36-79b7-267eee5f1f0a,2,task1,learnt,"I used Processing for the first time, it was easy to get started and move beyond basic shapes and colours The Sculpting Code tool was a fantastic way to experiment with more complex shapes and forms without thinking in 'code'",2026-08-02 12:02:11.733+00
061c085c-1f82-4508-ade6-d6b39f734c3a,be87efdd-774c-04ef-ce1f-854ca82a9753,2,task1,learnt,how to use processing and draw sculpt code,2026-08-02 12:04:30.323+00
06654a40-be58-4abb-b833-a73e16d53cd7,3f73833c-ad7d-c3b6-b375-383e7eae4e29,2,exit,worked_well,"Being able to copy and paste the code into processing, the",2026-08-02 15:04:36.131+00
06728c88-a336-4e70-a06b-1031e1e92176,aebaf27f-3b1e-d8ea-38c0-1f9f35f1be1b,2,task4,learnt,Integrating audio into processing ,2026-08-02 14:37:50.65+00
068f4be4-5171-4e5e-9f9d-e1d27f0715cc,fec64d1a-b0df-59db-b5b0-a8576f4a2ac1,2,task1,understood,5,2026-08-02 12:01:13.201+00
0699df46-defb-4284-bf7d-be83b62415c8,331e64a9-20ea-b8b6-0cf8-34a07c2ab075,1,task1,learnt,How to connect an ,2026-08-01 12:33:07.674+00
06aa8052-75c6-42e7-a141-f6d0ae2add6c,dd32a375-a1f4-cfb5-1eb3-51f0ef6afd91,2,task5,learnt,played with loading new sounds into a new project and assigning control from inputs to affect both ,2026-08-02 15:02:20.386+00
06e71445-c290-45f4-a87b-4e7f4020a1ed,0c67f223-00bc-7ae4-f408-7e5114428ba6,1,pre,confidence_processing,1,2026-08-01 11:20:50.796+00
0719fe25-2805-4222-bc15-ca66e450455c,b2276154-9082-b9d5-34fd-c8c0006f10f2,2,task2,learnt,Figured out how to incorporate arduino and processing by ensuring that the relevant libraries are installed so that the programs can speak to each other. Cna,2026-08-02 13:07:02.541+00
071d232c-71a3-473a-a588-64a9b8ad9506,fec64d1a-b0df-59db-b5b0-a8576f4a2ac1,2,task3,learnt,Manipulating parameters ,2026-08-02 13:30:51.946+00
07292808-f778-4596-aaa3-b04219aad519,b08cbec8-5361-79aa-b266-abaa03aa0a97,1,pre,confidence_troubleshoot_circuits,4,2026-08-02 11:08:40.392+00
072f84ad-3642-4322-8b11-13609f84eefb,c3f22102-00d9-5f36-79b7-267eee5f1f0a,2,task1,learnt,I used Processing for the first time,2026-08-02 12:01:24.32+00
0783c29c-a85d-43bb-8838-660d69e2a56b,b2276154-9082-b9d5-34fd-c8c0006f10f2,1,pre,done_physical_computing,no,2026-08-01 11:20:08.883+00
07ad1ac7-8697-491d-86cf-ad1e6b9fde08,1142f088-0475-5367-98e0-aad6a178c561,2,task5,learnt,I learned how to change the sounds and make visuals and sound react to the dial. I learned how to implement reverb. ,2026-08-02 14:55:28.788+00
07d2e5f4-c79f-44c2-8c45-b63809c52543,0c67f223-00bc-7ae4-f408-7e5114428ba6,2,task2,learnt,I learned to access and upload libraries ,2026-08-02 13:07:54.709+00
07ec3938-2a73-4d2a-b662-d97b0cc7801d,aebaf27f-3b1e-d8ea-38c0-1f9f35f1be1b,2,exit,worked_well,"As above, I could add sections from this to my own processing sketch, bit of back and forth with issues but my own under",2026-08-02 15:03:36.357+00
07f811fb-c2cd-4e45-a9bb-f421477837eb,3f73833c-ad7d-c3b6-b375-383e7eae4e29,1,task3,understood,5,2026-08-01 14:23:34.876+00
0830c6bf-8c83-4600-9332-b05f578beca4,3f73833c-ad7d-c3b6-b375-383e7eae4e29,2,task1,learnt,h,2026-08-02 12:01:26.104+00
083e519d-fce6-4473-9f14-68e8113f4d67,b2276154-9082-b9d5-34fd-c8c0006f10f2,1,exit,confidence_arduino,3,2026-08-02 11:09:37.659+00
0854169a-4301-4bee-a5cb-0c9a113d3e11,1142f088-0475-5367-98e0-aad6a178c561,2,task2,learnt,How to connect arduino to processing and use the dial to affect the size and colour ,2026-08-02 13:11:18.27+00
0856ee65-286d-47bd-a7cc-bb4252a6948b,331e64a9-20ea-b8b6-0cf8-34a07c2ab075,2,task5,learnt,meshing audio and visuals through code and hardware ,2026-08-02 15:02:04.644+00
086be1e4-1767-41d9-8315-fdba8707e580,0c67f223-00bc-7ae4-f408-7e5114428ba6,1,task2,understood,5,2026-08-02 11:08:26.1+00
08dba7df-0996-4cf5-b290-00bc39cd4fc6,c3f22102-00d9-5f36-79b7-267eee5f1f0a,1,exit,confidence_troubleshoot_circuits,5,2026-08-02 11:07:59.452+00
08df10c1-7d54-4afa-ad92-8bd49bf1bd24,3f73833c-ad7d-c3b6-b375-383e7eae4e29,2,task2,learnt,how to connect Arduino with Proce,2026-08-02 13:07:51.572+00
08e44e65-42a4-4d45-aea6-538319096cb7,0c67f223-00bc-7ae4-f408-7e5114428ba6,2,task3,learnt,"Learned to modify input control and graphic, but mainly through changing numbers between brackets and looking up information in Processing reference guides, not through the sculp",2026-08-02 13:51:22.25+00
08f22a30-9a51-4126-8e49-282ecb554ec3,41ae0b9b-1f44-8d29-c33b-63304e77ce38,1,exit,ease,5,2026-08-01 14:25:17.903+00
08fcab90-1dfa-48e4-944f-c7696290b4ed,48a390b2-f05b-58e0-01c4-88992742c5d5,2,exit,challenges,Unsure how to tr,2026-08-02 15:01:33.249+00
08fec702-c7ac-4fb2-9f09-08becf3599e3,0c67f223-00bc-7ae4-f408-7e5114428ba6,1,exit,challenges,"I had issues with plugging the battery, but this was because the battery was not working. ",2026-08-02 15:06:17.42+00
0902acb9-82ea-4e30-a270-92b8a9b94e88,b2276154-9082-b9d5-34fd-c8c0006f10f2,2,task4,learnt,How to integrate audio files into the processing environment and begin adjusting and manipulating these files using the dial,2026-08-02 14:37:51.342+00
090759d0-6a08-4a6a-9109-5f4ed4fa5473,023022a1-c3b8-b4c3-fc00-2b08c8249760,1,exit,challenges,"Quick close test: a whole sentence typed right before the tab is closed, before the debounced save has fired.",2026-08-02 07:49:15.583+00
0936bbf1-d438-49c7-aec3-b19e819f31f7,3f73833c-ad7d-c3b6-b375-383e7eae4e29,1,task3,learnt,"how to wire multiple elements on a board, how to adjust values to make different elements ""talk"" to each other, how to follow a diagram properly and not to have things start smoking (never plug the middle one into the power....)",2026-08-02 11:07:57.202+00
0977e122-9715-4a29-a6fe-30e00dae2574,dd32a375-a1f4-cfb5-1eb3-51f0ef6afd91,2,task2,learnt,setting up the arduino to be controlled by our program in processing. we needed to download a specific library in both the arduino environment and processing. we,2026-08-02 13:07:41.593+00
099b0db7-a358-4fcd-8e43-25fba00fa149,0c67f223-00bc-7ae4-f408-7e5114428ba6,2,task1,learnt,I familiarised myself with basic functions in processing and how sequencing of code and placing it within void ,2026-08-02 12:02:43.47+00
09afabb6-7a55-460b-8948-f0ed24a40aaa,b2276154-9082-b9d5-34fd-c8c0006f10f2,2,task2,learnt,Figured out how to incorporate arduino and processing by ensuring that the relevant libraries are installed so that the programs can speak to each other. This has b,2026-08-02 13:07:09.182+00
09b199ef-9243-4eda-a37a-8c2df50dbba2,48a390b2-f05b-58e0-01c4-88992742c5d5,2,exit,improve,Being able to merge programs between processing and Sculpture with a description of what can be changed would be great,2026-08-02 15:06:09.526+00
09b4b694-7577-4452-b72c-3f6cd0e2be2c,c3f22102-00d9-5f36-79b7-267eee5f1f0a,2,task1,learnt,"I used Processing for the first time, it was easy to get started and move beyon",2026-08-02 12:01:29.789+00
09b73926-ba94-4c8c-a9b3-8e4075430b67,41ae0b9b-1f44-8d29-c33b-63304e77ce38,1,exit,confidence_troubleshoot_circuits,3,2026-08-01 14:28:16.516+00
09ba5dfd-4b14-472d-ab98-d904cf71284a,48a390b2-f05b-58e0-01c4-88992742c5d5,2,task1,learnt,"Learning how to generate images using code, and how these can be manipulated with different command inputs.",2026-08-02 12:02:00.478+00
09dd97fe-928a-4583-a08e-3c86f1239ba1,3f73833c-ad7d-c3b6-b375-383e7eae4e29,2,task1,learnt,how,2026-08-02 12:01:25.764+00
0a278f70-5433-46e7-810c-ea5387893423,70d65ebf-28eb-e1e2-ec23-8e8a381f2f32,1,pre,confidence_circuits,3,2026-07-31 19:10:59.726+00
0a3ac8a9-a5b2-4bdb-95dd-6cbdc9d5b369,b2276154-9082-b9d5-34fd-c8c0006f10f2,2,exit,confidence_troubleshoot_code,4,2026-08-02 15:02:37.693+00
0a79adb3-0fa5-4bcc-bcbf-4ad8ff7b27d0,0c67f223-00bc-7ae4-f408-7e5114428ba6,2,task2,learnt,I learned to access and upload libraries on Arduino and ,2026-08-02 13:08:03.645+00
0ae0e650-ac81-4bdb-bc88-15fd68596c65,b2276154-9082-b9d5-34fd-c8c0006f10f2,2,task5,learnt,How to mix audio and visual!!! ,2026-08-02 15:01:13.156+00
0af417be-f208-4aa5-8d95-fe53a5926d79,3f73833c-ad7d-c3b6-b375-383e7eae4e29,2,task1,learnt,creating shapes in ,2026-08-02 12:01:49.667+00
0b05d3ad-f345-4100-b177-7e9cfe0e7f39,0c67f223-00bc-7ae4-f408-7e5114428ba6,1,task3,learnt,I understood how the potentiometer as an input device worked and how it connects to the LED as an output device. I tinkered with some functions to understand potential challenges that might occur in practice. Feedback shield responses are not always clear to me. ,2026-08-02 15:06:17.42+00
0b1a3a5a-9224-450d-bad7-6464e24e768d,96917aa5-e2a8-dae4-3b0f-70179ab41e8d,1,exit,improve,n/a,2026-08-02 11:08:42.091+00
0b30edc7-d327-42a7-af0a-6b37f7bd1943,48a390b2-f05b-58e0-01c4-88992742c5d5,1,exit,improve,A visual indicator on the Arduino itself as opposed to on the laptop for outputs could help,2026-08-02 12:05:30.843+00
0b420044-df3f-42a4-8f61-a6b45fdbf72b,331e64a9-20ea-b8b6-0cf8-34a07c2ab075,2,exit,confidence_troubleshoot_code,2,2026-08-02 15:02:36.077+00
0b504175-cfd8-4f33-ade9-5b1d756524ff,b08cbec8-5361-79aa-b266-abaa03aa0a97,1,exit,confidence_troubleshoot_circuits,5,2026-08-02 11:08:40.391+00
0b506c7f-e172-4b2e-ab15-65fb6853d468,0c67f223-00bc-7ae4-f408-7e5114428ba6,1,exit,confidence_circuits,3,2026-08-02 11:08:26.099+00
0b5f981f-5a69-45f2-9222-648b78afdd65,3f73833c-ad7d-c3b6-b375-383e7eae4e29,2,task5,learnt,"assigning sounds to visuals, controlling both or either with manual dial, ",2026-08-02 15:01:48.24+00
0b658fc1-cb14-4a45-8b39-e660b9c0e8a6,48a390b2-f05b-58e0-01c4-88992742c5d5,2,exit,improve,More ,2026-08-02 15:03:40.318+00
0b824ea1-d9d3-44b3-9b6c-7b5c942fea65,3f73833c-ad7d-c3b6-b375-383e7eae4e29,2,exit,challenges,"Wifi was a bit of a challenge, as was not having enough sounds already on my laptop. Sometimes not quite sure still which commands in the codes correlate to what action but that will just take practi",2026-08-02 15:03:28.727+00
0b9c6ab3-51bb-4dc9-9a2d-af04443f9296,0c67f223-00bc-7ae4-f408-7e5114428ba6,2,exit,confidence_troubleshoot_circuits,3,2026-08-02 15:06:17.42+00
0badb6cb-a8b2-45ab-920a-bbd0b6510fd6,0c67f223-00bc-7ae4-f408-7e5114428ba6,1,exit,challenges,The battery ,2026-08-01 14:55:11.104+00
0bdc3d20-d648-4662-ac82-20a8b95b6237,5b6c5fa9-29f7-4e44-bb90-a2979152873f,1,pre,hopes,testing ,2026-07-26 19:41:28.733+00
0bec2a3a-8a33-40e7-94c1-352522d70e30,a85b7bff-098d-7182-6dd1-f509e1c4a3be,1,pre,confidence_circuits,2,2026-08-02 11:08:43.208+00
0bf98ebb-299e-4299-b5bb-71d252bacf40,70d65ebf-28eb-e1e2-ec23-8e8a381f2f32,1,pre,confidence_troubleshoot_code,3,2026-08-02 08:03:58.659+00
0c590013-ed81-4f2c-907f-930ef91dd0ca,96917aa5-e2a8-dae4-3b0f-70179ab41e8d,1,exit,challenges,none really it was quite easy to understand,2026-08-02 11:08:42.091+00
0c5ab460-1e02-4b9c-b546-2835b4b493bf,aebaf27f-3b1e-d8ea-38c0-1f9f35f1be1b,2,exit,challenges,"Not any really, bit of a lag ",2026-08-02 15:02:08.366+00
0c7ca31c-453d-4f62-bd15-d2e2ef9d0a3c,a85b7bff-098d-7182-6dd1-f509e1c4a3be,2,task1,learnt,"basics of writing code into Processing, creating shapes and adding colours",2026-08-02 12:02:13.681+00
0ccd05e3-b194-4918-a605-889ec0d35dc8,b2276154-9082-b9d5-34fd-c8c0006f10f2,1,exit,confidence_circuits,3,2026-08-01 14:53:17.978+00
0ceeae66-b014-4780-9d1f-01dc6af0e85c,3f73833c-ad7d-c3b6-b375-383e7eae4e29,1,task3,learnt,ho,2026-08-01 14:23:37.393+00
0d0b6582-d4bd-4cb1-8b5e-da7812c8a56e,dd32a375-a1f4-cfb5-1eb3-51f0ef6afd91,2,task1,learnt,basic code structure in processing. how to make a basic image,2026-08-02 12:01:29.406+00
0d10e869-b3e7-4b21-9590-5f21baee57d2,331e64a9-20ea-b8b6-0cf8-34a07c2ab075,1,task3,learnt,Controlling,2026-08-01 14:24:15.453+00
0d196161-b859-4379-9e10-a7160f904c09,dd32a375-a1f4-cfb5-1eb3-51f0ef6afd91,2,task1,learnt,basic code structure in processing. how to make a basic image and adjust some attributes of shapes. ,2026-08-02 12:01:40.323+00
0d43aee7-28e2-475d-8f32-d6073749cca0,3f73833c-ad7d-c3b6-b375-383e7eae4e29,2,task4,learnt,how to import audio i,2026-08-02 14:38:47.729+00
0d9e4eef-cfc2-44b2-8928-8b3fa9dbe5f7,96917aa5-e2a8-dae4-3b0f-70179ab41e8d,1,exit,worked_well,"fit into the main board well, w",2026-08-01 14:56:55.798+00
0e21173b-ccac-4659-9bb7-86316b359254,1142f088-0475-5367-98e0-aad6a178c561,2,exit,worked_well,Everything. It interpreted all images in a really imaginative and correct,2026-08-02 14:58:47.131+00
0e2805a0-5c8f-49b7-892f-8e69ace383e4,48a390b2-f05b-58e0-01c4-88992742c5d5,1,task3,learnt,After some conusion with the code,2026-08-01 14:22:30.852+00
0e7e25e4-2afc-40ad-a979-fccdaea980af,dd32a375-a1f4-cfb5-1eb3-51f0ef6afd91,2,task2,learnt,setting up the arduino to be controlled by,2026-08-02 13:06:56.174+00
0e922f96-15f5-45af-bcd0-c1f5a62e361d,dd32a375-a1f4-cfb5-1eb3-51f0ef6afd91,2,task4,learnt,how to import wav files into processing. h,2026-08-02 14:37:30.266+00
0ea250f4-ee7c-4223-8456-850a99f917f0,0c67f223-00bc-7ae4-f408-7e5114428ba6,2,task1,learnt,I familiarised myself with basic functions in processing and how sequencing of code and placing it within void setup or draw can impact the visual. I,2026-08-02 12:03:29.272+00
0ea84754-1988-4241-8136-1de48f1918dd,0c67f223-00bc-7ae4-f408-7e5114428ba6,2,task3,learnt,"Learned to modify input control and graphic, b",2026-08-02 13:50:19.183+00
0eb580c8-d3e0-47b4-9b63-0f25337e27cc,b2276154-9082-b9d5-34fd-c8c0006f10f2,2,task2,learnt,Figured out how to incorporate arduino and processing by ensuring that the relevant libraries are installed so that the programs can speak to each other. This has,2026-08-02 13:07:08.604+00
0eb86cd2-26b5-4f7c-82f9-149c93024e4d,0c67f223-00bc-7ae4-f408-7e5114428ba6,2,task1,learnt,I familiarised myself with basic functions in processing and how sequencing of code and placing it within void setup or draw can impact the visual. I also worked with sculpting and ,2026-08-02 12:03:41.082+00
0f3a6e04-a210-4e9e-9ae0-ea02b2643b38,dd32a375-a1f4-cfb5-1eb3-51f0ef6afd91,2,task1,learnt,basic code structure in processing. ,2026-08-02 12:01:21.251+00
0f9fe53f-be94-4e6d-b495-f33a4d870ec6,3f73833c-ad7d-c3b6-b375-383e7eae4e29,1,pre,done_physical_computing,yes,2026-08-02 11:07:57.201+00
0fe68537-77a1-43fe-9b57-5dae3ba9a5a9,dd32a375-a1f4-cfb5-1eb3-51f0ef6afd91,2,task4,learnt,how to import wav files into processing. how to ,2026-08-02 14:37:30.88+00
0ff14162-32b3-4fed-b890-d52a82e7d106,fec64d1a-b0df-59db-b5b0-a8576f4a2ac1,2,task1,learnt,"Create shapes, position and fill them.",2026-08-02 12:01:38.857+00
101a7cba-78a1-45ba-b91c-8ee0f638f5df,70d65ebf-28eb-e1e2-ec23-8e8a381f2f32,1,task2,learnt,jjadfjfadljfdadfkldflndfnflnflNFlknfdKNLFlknfklnfklfklxlkK,2026-08-02 08:03:58.659+00
102d8545-9a19-47cc-8560-e59bf3b6e3d3,5b6c5fa9-29f7-4e44-bb90-a2979152873f,1,pre,understood,4,2026-07-26 19:41:24.939+00
1045742e-ebbe-484b-b8ba-6d343e3d27cc,3f73833c-ad7d-c3b6-b375-383e7eae4e29,1,exit,confidence_circuits,3,2026-08-02 11:08:10.903+00
104ef17f-b4ec-4acf-a346-480f72aae270,70d65ebf-28eb-e1e2-ec23-8e8a381f2f32,1,task2,understood,3,2026-08-02 08:03:45.564+00
10555fba-a4ab-4a5a-82d1-aed0c8a11329,70d65ebf-28eb-e1e2-ec23-8e8a381f2f32,1,pre,confidence_circuits,3,2026-08-02 11:07:47.058+00
1087144d-1716-41fd-8f2b-9c7cfe7dfc4c,b08cbec8-5361-79aa-b266-abaa03aa0a97,1,exit,improve,"I *think* arduino convention is to place the little bevelled tabs at the back of the board so you can line up boards by making sure the tabs are on the same side so that might be a thing to look into, I might be wrong though

Definitely could do with more labels for pinouts
maybe a power indicator or",2026-08-01 14:55:55.524+00
10d0d98c-25aa-4b24-b847-847e41b55c17,dd32a375-a1f4-cfb5-1eb3-51f0ef6afd91,2,task2,learnt,creating ,2026-08-02 13:06:35.837+00
10e6adcc-755b-479e-946b-61e267bf10af,3f73833c-ad7d-c3b6-b375-383e7eae4e29,2,task1,learnt,creating shapes in Processin,2026-08-02 12:01:54.832+00
10e74c17-cf1a-41db-b333-323e240b8afa,aebaf27f-3b1e-d8ea-38c0-1f9f35f1be1b,2,task4,learnt,Integrating audio into processing contro,2026-08-02 14:37:51.742+00
1137650a-8dbc-4364-ada0-5ce772a17d74,c3f22102-00d9-5f36-79b7-267eee5f1f0a,2,task2,learnt,I learned how to use the firmata library on the Arduino to work as an input into Processing. It was simpler than I expected,2026-08-02 13:07:16.683+00
115e6631-1b41-478d-9ed2-28236619d423,a85b7bff-098d-7182-6dd1-f509e1c4a3be,1,pre,done_creative_coding,no,2026-08-02 11:08:43.208+00
11f8320f-f14e-4293-9f0a-1fda87a63dd3,b2276154-9082-b9d5-34fd-c8c0006f10f2,2,exit,confidence_troubleshoot_code,3,2026-08-02 15:02:35.865+00
12ae49a8-0146-4d6b-b100-048c57f698d5,dd32a375-a1f4-cfb5-1eb3-51f0ef6afd91,2,task1,learnt,basic code structure ,2026-08-02 12:01:17.526+00
12d1fb38-da70-49ed-a9b3-bdb50b4b3ed0,3f73833c-ad7d-c3b6-b375-383e7eae4e29,2,task4,learnt,how to import audio into sketch and how the manual dial can affect different elements. assigning multiple sounds to the one dial using ranges was interesti,2026-08-02 14:39:12.833+00
12dabe16-643f-4d93-87b2-bf672cc5fb2e,48a390b2-f05b-58e0-01c4-88992742c5d5,2,task3,learnt,Using different coding to ,2026-08-02 13:31:18.71+00
13429f42-2616-4806-9c68-219e4c344d88,3f73833c-ad7d-c3b6-b375-383e7eae4e29,2,task5,learnt,"assigning sounds to visuals, controlling both or either with manual dial, exploring looping through sounds until the assigned",2026-08-02 15:02:10.585+00
137453f6-cfb8-4a60-9818-77247ba6d401,b2276154-9082-b9d5-34fd-c8c0006f10f2,2,task5,learnt,How to mix audio and visual!!!,2026-08-02 15:01:11.219+00
137cb349-2296-4697-bc07-cd467255a431,0c67f223-00bc-7ae4-f408-7e5114428ba6,1,pre,confidence_troubleshoot_circuits,2,2026-08-02 11:08:26.1+00
13acbdc5-f66d-474c-9662-756e68f8d6ec,48a390b2-f05b-58e0-01c4-88992742c5d5,2,task3,learnt,There are ,2026-08-02 13:30:21.826+00
13f1e2e6-ba01-4189-8c93-b848d0b0852a,0c67f223-00bc-7ae4-f408-7e5114428ba6,1,task3,understood,4,2026-08-02 11:08:26.1+00
14154942-8de0-45e2-a678-2241d7006d63,331e64a9-20ea-b8b6-0cf8-34a07c2ab075,2,task3,learnt,controlling how an image changes using code and external controller,2026-08-02 13:22:21.797+00
145b1a5e-0492-49ce-a844-d81778f1da39,0c67f223-00bc-7ae4-f408-7e5114428ba6,1,exit,confidence_circuits,3,2026-08-01 14:57:43.892+00
14658051-5847-4258-8dc9-ffdbfd825b77,dd32a375-a1f4-cfb5-1eb3-51f0ef6afd91,1,task2,understood,5,2026-08-01 13:02:35.773+00
146936d1-3f60-425f-bbe8-40fcab3fc434,0c67f223-00bc-7ae4-f408-7e5114428ba6,2,task1,learnt,I familiarised myself with basic functions in processing and how sequencing of code and placing it within void setup or draw can impact the visual.,2026-08-02 12:03:14.687+00
14bcaef8-d00e-4abf-a0b8-5418ad1cd761,aebaf27f-3b1e-d8ea-38c0-1f9f35f1be1b,2,exit,confidence_troubleshoot_code,4,2026-08-02 15:04:19.663+00
14cb29c8-768b-4a96-b452-4deb670df66e,5b6c5fa9-29f7-4e44-bb90-a2979152873f,1,task2,difficulty,2,2026-07-26 19:41:40.485+00
14e26838-1017-4a9e-b97e-f346884d3f3f,b08cbec8-5361-79aa-b266-abaa03aa0a97,1,pre,done_creative_coding,no,2026-08-02 11:08:40.391+00
14e3e2a7-ee23-45f0-b415-1c4343eeed96,3f73833c-ad7d-c3b6-b375-383e7eae4e29,2,task5,learnt,assigning ,2026-08-02 15:01:19.708+00
1526c946-701d-41dc-9611-4c458022de14,48a390b2-f05b-58e0-01c4-88992742c5d5,2,exit,improve,More ,2026-08-02 15:03:47.805+00
1576a919-b505-4e1f-8661-0ac89ad5fad0,48a390b2-f05b-58e0-01c4-88992742c5d5,2,task2,learnt,Learned ,2026-08-02 13:06:09.826+00
158ceb55-83cc-4465-aca5-7b00db8dce5e,96917aa5-e2a8-dae4-3b0f-70179ab41e8d,1,exit,confidence_circuits,4,2026-08-02 11:08:42.091+00
159f2f87-857f-4679-8ca7-4131333deea8,a85b7bff-098d-7182-6dd1-f509e1c4a3be,2,task1,learnt,bas,2026-08-02 12:01:42.001+00
15b79310-6097-4684-9739-ed6617caa065,48a390b2-f05b-58e0-01c4-88992742c5d5,2,task2,learnt,Learned how to control graphics using a specific Arduino progra in collaboration with Processing. ,2026-08-02 13:08:55.519+00
15d54f5f-3f83-41d6-8bc4-991b221c51a6,aebaf27f-3b1e-d8ea-38c0-1f9f35f1be1b,2,task4,learnt,Integrating audio into processing con,2026-08-02 14:37:51.331+00
15ee6421-cc46-4530-b5af-6a8283823567,dd32a375-a1f4-cfb5-1eb3-51f0ef6afd91,2,task5,learnt,played with loading new sounds into a new project and assigning control from inputs to affect ,2026-08-02 15:02:17.377+00
16164f10-75d6-4a52-95c9-fdebe62fb6c2,c3f22102-00d9-5f36-79b7-267eee5f1f0a,2,task1,learnt,"I used Processing for the first time, it was easy to",2026-08-02 12:01:26.774+00
161bf3c0-3f54-42c5-9967-e261fe86b920,c3f22102-00d9-5f36-79b7-267eee5f1f0a,2,task1,learnt,"I used Processing for the first time, it was easy to get started and move beyond basic shapes and colours",2026-08-02 12:01:38.948+00
1636bc67-0255-4252-8a58-06234237da8f,3f73833c-ad7d-c3b6-b375-383e7eae4e29,2,exit,worked_well,"Being able to copy and paste the code into processing, thew",2026-08-02 15:04:36.3+00
169981d6-56f4-4d2f-b575-03aaab421f0e,3f73833c-ad7d-c3b6-b375-383e7eae4e29,2,task4,learnt,how to import audio into sketch and how the manual dial can affect different elements. ,2026-08-02 14:38:59.556+00
16a0e8cc-5353-4e8c-b15e-81b85b83e181,a85b7bff-098d-7182-6dd1-f509e1c4a3be,1,task1,learnt,"How to connect from computer to Arduino board, connect shield to Arduino board. How to compile code and send it to board.",2026-08-02 11:08:43.208+00
16abe6df-f820-48c8-b923-a8b205e13eac,331e64a9-20ea-b8b6-0cf8-34a07c2ab075,2,task5,understood,3,2026-08-02 15:01:42.487+00
16c02dfe-f077-49e0-aaad-d4ecbbc08f90,b2276154-9082-b9d5-34fd-c8c0006f10f2,2,task2,learnt,Figured out how to incorporate arduino and processing by ensuring that the relevant libraries are installed so that the programs can speak to each other. This has been further,2026-08-02 13:07:14.352+00
16cb9dee-0598-470f-a6ad-1c7b2c994543,0c67f223-00bc-7ae4-f408-7e5114428ba6,2,task1,understood,3,2026-08-02 15:06:17.419+00
16eb0bd2-5bc1-4c79-9fee-b2260894e91b,a85b7bff-098d-7182-6dd1-f509e1c4a3be,2,task1,learnt,basics of writing code into Processing,2026-08-02 12:01:59.436+00
17154fbe-1957-4ea0-a635-80685aaaca9b,48a390b2-f05b-58e0-01c4-88992742c5d5,2,exit,challenges,Unsure how to ,2026-08-02 15:01:44.735+00
172b194f-e90b-40e6-b816-71cbc44135fc,3f73833c-ad7d-c3b6-b375-383e7eae4e29,1,exit,confidence_troubleshoot_circuits,3,2026-08-02 11:08:10.903+00
1772d745-83ef-4023-97bc-5e1e7818cb7a,41ae0b9b-1f44-8d29-c33b-63304e77ce38,1,exit,ease,5,2026-08-03 17:06:58.05+00
17c91d28-fef0-4873-b830-db8e5992d2a2,fa81bca3-a30c-be64-b71d-df2a1287f8d5,1,exit,ease,4,2026-08-01 14:24:06.186+00
17d81a21-68a6-499a-a1cb-cecd8a8199c8,3f73833c-ad7d-c3b6-b375-383e7eae4e29,2,task5,learnt,"assigning sounds to visuals, controlling both or either with manual dial, exploring looping through sounds until the assigned threshold value is met, ",2026-08-02 15:02:16.184+00
17dd8900-d0dc-4095-97a0-5887bfe39537,dd32a375-a1f4-cfb5-1eb3-51f0ef6afd91,2,task1,learnt,basic code structure in processing. how to make a basic image and adjust some attributes ,2026-08-02 12:01:37.939+00
17ee05f6-ac03-406f-a6e0-67f1e7f77f27,dd32a375-a1f4-cfb5-1eb3-51f0ef6afd91,2,task2,learnt,setting up the arduino to be controlled by our program in processing. we needed to download a specific library in both the arduino environment and processing. we found how to make sure that processing could see and accept input from the arduino. we used ,2026-08-02 13:08:41.066+00
17f5ed88-8cf9-43c1-8668-32199a2aad52,5da8e228-6509-4568-9389-5c5d010c1e65,1,pre,understood,3,2026-07-26 19:36:51.758+00
17fd79e4-b9a5-4067-991e-087c81aa5e58,aebaf27f-3b1e-d8ea-38c0-1f9f35f1be1b,2,task4,learnt,Integrating audio into processing c,2026-08-02 14:37:51.044+00
181ad61d-9abb-45f7-b70a-1e19ad011ecc,aebaf27f-3b1e-d8ea-38c0-1f9f35f1be1b,2,task1,learnt,How to translate t,2026-08-02 12:01:41.6+00
185b28c9-88b2-430a-9846-09c6a6499db1,b2276154-9082-b9d5-34fd-c8c0006f10f2,1,task3,understood,5,2026-08-01 14:23:32.57+00
18677226-78e2-40e4-a1fc-3f647746ee06,fa81bca3-a30c-be64-b71d-df2a1287f8d5,1,task1,learnt,How to ,2026-08-01 12:29:47.331+00
1886cd85-e40a-4f27-a936-88746b0b2d71,fa81bca3-a30c-be64-b71d-df2a1287f8d5,1,exit,confidence_troubleshoot_code,4,2026-08-01 14:26:18.892+00
189a6641-5ff5-4474-b0b4-19cff73c5991,b2276154-9082-b9d5-34fd-c8c0006f10f2,1,exit,challenges,My shield wasn't properly working a the lights weren't necessarily coordinating with the pins that were in use.,2026-08-02 11:09:37.656+00
189addcd-f75d-4804-9a40-5c15c926d515,a85b7bff-098d-7182-6dd1-f509e1c4a3be,1,exit,confidence_arduino,3,2026-08-01 14:25:30.128+00
18b547b0-bacd-4606-9a0b-a2f23b4b7fee,3f73833c-ad7d-c3b6-b375-383e7eae4e29,2,task2,learnt,how to connect Ard,2026-08-02 13:07:48.735+00
18ebc5f0-aa1b-4664-aa66-569edfed5bae,70d65ebf-28eb-e1e2-ec23-8e8a381f2f32,1,task1,understood,2,2026-08-02 11:07:47.058+00
19046532-6820-41ac-8799-866c5cad57d6,b2276154-9082-b9d5-34fd-c8c0006f10f2,2,task2,understood,4,2026-08-02 13:06:05.573+00
191a8c79-5f79-4731-a6b9-01e269354efb,aebaf27f-3b1e-d8ea-38c0-1f9f35f1be1b,2,task2,learnt,"Difference between float and int (probably from task 1), connecting ",2026-08-02 13:06:37.521+00
19628336-2c5a-4f10-9ec4-6ff81a2e82c7,0c67f223-00bc-7ae4-f408-7e5114428ba6,2,exit,challenges,"The sculpting code app is well structured, but I am not sure how to best modify",2026-08-02 15:04:26.648+00
199866d7-7ba4-4914-a267-b674642294e4,48a390b2-f05b-58e0-01c4-88992742c5d5,2,task2,learnt,Learned how to control graphics using Arduino in nect Arduino to p,2026-08-02 13:08:23.2+00
19b43515-2e6b-4f76-8632-c80e3c52a3c0,0c67f223-00bc-7ae4-f408-7e5114428ba6,2,task1,learnt,I familiarised myself with basic functions in processing and how sequencing of code and placing it within void setup or draw can impact the visual ,2026-08-02 12:03:12.147+00
19b58817-e302-4152-8f5d-93dbffed808c,b08cbec8-5361-79aa-b266-abaa03aa0a97,1,exit,ease,4,2026-08-02 11:08:40.379+00
19fb0083-e30a-4dc7-8a11-26e6c5d6ea65,dd32a375-a1f4-cfb5-1eb3-51f0ef6afd91,1,task1,understood,5,2026-08-02 11:08:38.933+00
1a0471fb-fe73-4c9b-98c6-21501bc7621b,fec64d1a-b0df-59db-b5b0-a8576f4a2ac1,2,exit,improve,Popping up a catchch,2026-08-02 15:03:04.138+00
1a81d0fa-d26f-4cc9-9bb2-af6cc4bc4659,48a390b2-f05b-58e0-01c4-88992742c5d5,2,exit,improve,Being able to merge programs between processing and Sculpture with a description of what can be changed would be great.,2026-08-02 15:06:10.64+00
1a948dac-8f4a-45e4-b972-84e8fced7c62,3f73833c-ad7d-c3b6-b375-383e7eae4e29,2,task5,learnt,"assigning sounds to visuals, controlling both or either with manual dial, exploring looping through sounds until the assigned thre",2026-08-02 15:02:12.068+00
1aa09dca-cf36-4cc5-81d5-de5716bb42f7,c3f22102-00d9-5f36-79b7-267eee5f1f0a,2,task2,learnt,I learned how to use the firmata library on the Arduino to work as an input into Processing. It was simpler than I expected. The examples worked well and got it working super quickly.,2026-08-02 13:07:38.879+00
1ab51ae9-5f3d-4850-ac76-14310a69bb73,dd32a375-a1f4-cfb5-1eb3-51f0ef6afd91,2,task5,learnt,played with loading new sounds into a new project and ,2026-08-02 15:02:02.256+00
1ac6505c-d7e0-4185-bb05-964b6c2991dc,0c67f223-00bc-7ae4-f408-7e5114428ba6,2,task4,learnt,Had to download a sound file and ,2026-08-02 14:37:37.992+00
1af0af98-cc2d-46ed-a64e-11bef6eb67b2,b08cbec8-5361-79aa-b266-abaa03aa0a97,1,pre,confidence_troubleshoot_code,5,2026-08-01 11:20:00.937+00
1b63aa28-b13e-480a-b9a4-65b25eea311d,1142f088-0475-5367-98e0-aad6a178c561,2,exit,confidence_arduino,4,2026-08-02 15:02:00.465+00
1b784474-372b-4ad8-a300-34e47219a4ac,a85b7bff-098d-7182-6dd1-f509e1c4a3be,2,task1,learnt,"basics of writing code into Processing, creating shapes and adding colours. How to use",2026-08-02 12:02:24.377+00
1ba9409e-122a-4f90-b239-d15f3de1dd30,aebaf27f-3b1e-d8ea-38c0-1f9f35f1be1b,2,task4,learnt,"Integrating audio into processing controlled by the potentiometer, ",2026-08-02 14:37:58.677+00
1be0d45c-d6f1-4655-8683-3b107ec0c800,c3f22102-00d9-5f36-79b7-267eee5f1f0a,2,task4,learnt,It,2026-08-02 14:38:20.619+00
1c130760-c547-4b48-919b-91d0d1d6399e,3f73833c-ad7d-c3b6-b375-383e7eae4e29,1,exit,confidence_circuits,3,2026-08-02 11:07:57.201+00
1c13d999-cfad-461e-ad77-436c90ca5894,0c67f223-00bc-7ae4-f408-7e5114428ba6,1,task2,understood,5,2026-08-01 13:04:10.196+00
1c169ade-06ab-4c60-8a03-c6ec476f650a,331e64a9-20ea-b8b6-0cf8-34a07c2ab075,2,exit,challenges,none,2026-08-02 15:02:20.38+00
1c2e76a9-5f70-434e-968a-7deb0b1b466a,aebaf27f-3b1e-d8ea-38c0-1f9f35f1be1b,2,exit,challenges,"Not any really, bit of a lag with the wifi but fairly intuitive, I liked pulling from generated code to supplement my processing sketch, that was really interesting. ",2026-08-02 15:02:53.322+00
1c4298ed-f0fb-43ba-b32a-44b84134a796,331e64a9-20ea-b8b6-0cf8-34a07c2ab075,2,task4,learnt,"learned about controlling audio with physical dials, using processing. ",2026-08-02 14:37:36.576+00
1c4d3a10-0033-4e51-aac1-20ccc3dd337b,dd32a375-a1f4-cfb5-1eb3-51f0ef6afd91,1,exit,improve,better labels for the pin,2026-08-01 14:27:26.687+00
1c5361df-c873-450f-88ec-219b792ad261,fec64d1a-b0df-59db-b5b0-a8576f4a2ac1,2,task5,learnt,Bringing together audio and visual mani,2026-08-02 15:01:49.603+00
1c836c9c-bdd9-4026-be29-8a87dbdb9a60,0c67f223-00bc-7ae4-f408-7e5114428ba6,2,task3,learnt,"Learned to modify input control and graphic, but mainly through changing numbers between brackets and looking up information in Processing referenc",2026-08-02 13:51:06.584+00
1cd8d6f0-f033-4542-ba84-18ba062ce748,aebaf27f-3b1e-d8ea-38c0-1f9f35f1be1b,2,task4,learnt,Integrating audio,2026-08-02 14:37:43.785+00
1d0e2f5b-2d1b-40b2-943f-f38c6bf966dc,dd32a375-a1f4-cfb5-1eb3-51f0ef6afd91,2,exit,challenges,i think it would be good to have a little animation that runs to ,2026-08-02 15:03:12.99+00
1d2c5802-3297-4a29-8bdc-1ec7b1ba1e64,fec64d1a-b0df-59db-b5b0-a8576f4a2ac1,2,task5,learnt,Bringing together audio and visual manipulation using contro,2026-08-02 15:01:55.234+00
1d897a81-4d48-4d23-88d4-1cc4186de1e4,b2276154-9082-b9d5-34fd-c8c0006f10f2,2,task2,learnt,Figured out how to incorporate arduino and processing by ensuring that the relevant libraries are installed so that the programs can speak to each other. ,2026-08-02 13:07:02.262+00
1e1ebf10-c910-427e-a794-e75ae1edd69d,c3f22102-00d9-5f36-79b7-267eee5f1f0a,2,task1,learnt,"I used Processing for the first time, it was easy to get started and move beyond basic shapes and colours The Sculpting Code tool was a fantastic way to experiment with more complex shapes and forms without 'thinking in code'. I've never seen a tool like it before",2026-08-02 12:02:25.579+00
1e62bdc1-7b7a-48c7-9c09-f1fc00113be3,331e64a9-20ea-b8b6-0cf8-34a07c2ab075,2,task1,learnt,"The basics as to how to use processing to make simple shapes, as well as getting to grips with the code behind images ",2026-08-02 12:01:47.71+00
1eb21759-bff3-4060-9b69-6f55d2ce0738,c3f22102-00d9-5f36-79b7-267eee5f1f0a,2,task2,learnt,I learned how to use the firmata library on the Arduino to work as an input into Processing,2026-08-02 13:06:45.897+00
1ed7ce7f-613c-4a3e-9739-e2623738b4e6,331e64a9-20ea-b8b6-0cf8-34a07c2ab075,1,pre,done_creative_coding,no,2026-08-01 11:20:10.755+00
1ef0e768-ce65-4e9a-b5d6-fe2d7b2ffab6,dd32a375-a1f4-cfb5-1eb3-51f0ef6afd91,2,exit,worked_well,it's so ,2026-08-02 15:03:58.858+00
1ef9881b-a30d-4013-ace4-5ad4fc4b94c7,3f73833c-ad7d-c3b6-b375-383e7eae4e29,2,task1,learnt,,2026-08-02 12:01:41.184+00
1efc0ed9-514e-48db-997e-4ebc8268ee0b,b2276154-9082-b9d5-34fd-c8c0006f10f2,1,exit,confidence_troubleshoot_code,3,2026-08-02 11:09:37.659+00
1f0909b2-1852-48d1-a263-e4e029e006ce,dd32a375-a1f4-cfb5-1eb3-51f0ef6afd91,2,task2,learnt,setting up the arduino to be controlled b,2026-08-02 13:06:56.098+00
1f166460-5e09-487e-ba75-e7a2a3a6e905,0c67f223-00bc-7ae4-f408-7e5114428ba6,2,task1,learnt,I familiarised myself with basic functions in processing and how sequencing of code and placing it within void setup or draw can ,2026-08-02 12:03:01.015+00
1f60935b-4685-46b6-a71d-43d3776b55fa,b2276154-9082-b9d5-34fd-c8c0006f10f2,1,pre,confidence_circuits,2,2026-08-01 11:20:20.386+00
1f8fd8b3-eb5f-4cd1-8ec1-cd1a67b75626,dd32a375-a1f4-cfb5-1eb3-51f0ef6afd91,2,task4,learnt,"how to import wav files into processing. how to play sounds and change things like playback rate, amplitude, and duration of playback. taking input from dial control and using that to play sounds.",2026-08-02 14:38:53.919+00
201a8bf7-90ba-4402-96eb-590fef518c25,0c67f223-00bc-7ae4-f408-7e5114428ba6,2,exit,ease,3,2026-08-02 15:06:17.42+00
20361288-1a65-41ce-bfad-ffb1a9a7dcc3,48a390b2-f05b-58e0-01c4-88992742c5d5,2,task3,understood,3,2026-08-02 13:30:13.892+00
205e5e3d-0b0c-4f1e-87f2-33ac187461a8,c3f22102-00d9-5f36-79b7-267eee5f1f0a,2,task2,understood,5,2026-08-02 13:06:20.672+00
20a84f26-ec93-49cd-a1f8-9de86a3649ba,0c67f223-00bc-7ae4-f408-7e5114428ba6,2,task3,learnt,"Learned to modify input control and graphic, but mainly through changing ",2026-08-02 13:50:25.572+00
20cacd5f-8523-498e-a6bd-18b027d2ae80,a85b7bff-098d-7182-6dd1-f509e1c4a3be,2,task1,learnt,"basics of writing code into Processing, creating shapes and adding colours. H",2026-08-02 12:02:21.293+00
210f9e40-d64a-42cd-b7d2-7c7806ec74c5,c3f22102-00d9-5f36-79b7-267eee5f1f0a,2,task4,learnt,It was cool to use the rotary dial to make discrete selections,2026-08-02 14:38:34.088+00
211ae912-8084-409b-8d08-c37c3ff306dc,dd32a375-a1f4-cfb5-1eb3-51f0ef6afd91,2,exit,confidence_processing,4,2026-08-02 15:05:02.701+00
212c9ad2-1f9a-47ef-802b-c5820ca34e75,331e64a9-20ea-b8b6-0cf8-34a07c2ab075,1,exit,ease,3,2026-08-01 14:24:51.659+00
2131726e-82ab-462d-978d-9f25b1d7c22a,c3f22102-00d9-5f36-79b7-267eee5f1f0a,2,exit,confidence_circuits,4,2026-08-02 15:01:59.83+00
21c11687-cec5-495e-b1db-8c906aa743ab,331e64a9-20ea-b8b6-0cf8-34a07c2ab075,1,pre,confidence_arduino,1,2026-08-02 11:09:37+00
21db389e-69b6-4c66-80e8-c38ae8aa4b7c,3f73833c-ad7d-c3b6-b375-383e7eae4e29,1,exit,ease,3,2026-08-02 11:08:10.903+00
220201a2-7c74-4978-8f68-c3087e3957da,fec64d1a-b0df-59db-b5b0-a8576f4a2ac1,2,task2,learnt,Learned how to connect Arduino to Processing and control the parameters of objects in ,2026-08-02 13:07:02.137+00
222fd808-707c-4cc1-bac4-e66dce88eaf8,a85b7bff-098d-7182-6dd1-f509e1c4a3be,2,task2,learnt,how to download libraries for Arduino and processing,2026-08-02 13:07:00.272+00
2257afe7-4340-446e-8770-86f66bf4f05d,3f73833c-ad7d-c3b6-b375-383e7eae4e29,2,task1,learnt,how to ,2026-08-02 12:01:24.587+00
22a1cfa9-3d27-4ffd-8a03-0a38b376f79f,48a390b2-f05b-58e0-01c4-88992742c5d5,2,exit,confidence_arduino,4,2026-08-02 15:06:14.535+00
22cf933b-f848-4332-bcc1-8ceccf6a95a3,96917aa5-e2a8-dae4-3b0f-70179ab41e8d,1,exit,ease,2,2026-08-01 14:26:58.955+00
22e450b7-ae70-4371-b61b-f24800e15554,48a390b2-f05b-58e0-01c4-88992742c5d5,2,task2,learnt,Learned how to control graphics using a specific Arduino prograin collaboratoin with Processing. ,2026-08-02 13:08:52.865+00
22fc8234-bd92-40a6-afe2-ae1712133bb1,41ae0b9b-1f44-8d29-c33b-63304e77ce38,1,task2,learnt,Attaching ,2026-08-01 13:02:49.315+00
235dd516-cfe0-4f61-835c-dda746db9650,0c67f223-00bc-7ae4-f408-7e5114428ba6,2,task1,learnt,I familiarised myself with basic functions in processing and how sequencing of code and placing it within void setup or draw can impact the visual. I also worked with ,2026-08-02 12:03:36.834+00
23ac3de9-0942-4b27-aaf8-9550df6a090c,1142f088-0475-5367-98e0-aad6a178c561,2,task3,learnt,How to make ,2026-08-02 13:30:27.518+00
23ad46d0-f9de-45af-85f3-aff1a1aad565,a85b7bff-098d-7182-6dd1-f509e1c4a3be,2,task1,learnt,"basics of writing code into Processing, creating sh",2026-08-02 12:02:05.455+00
23ee6812-e61a-4c1b-b831-d675138d139d,70d65ebf-28eb-e1e2-ec23-8e8a381f2f32,1,pre,confidence_circuits,3,2026-08-02 08:03:04.372+00
24237255-bf07-4e21-9f22-c5103c4d3457,3f73833c-ad7d-c3b6-b375-383e7eae4e29,2,exit,challenges,"Wifi was a bit of a challenge, as was not having enough sounds already on my laptop. Sometimes not quite sure still which co",2026-08-02 15:03:11.611+00
244dc8a1-037e-41e4-b895-793b4de729c6,c3f22102-00d9-5f36-79b7-267eee5f1f0a,2,task3,learnt,It was good to try out different ways of playing with size and shape using the arduino as an input. I'll ,2026-08-02 13:33:38.66+00
247be6d3-ffe9-49e2-aba9-f0dd81f8afce,aebaf27f-3b1e-d8ea-38c0-1f9f35f1be1b,2,task5,learnt,"Combining audio and visual together, made me think about additional parameters and sou",2026-08-02 15:01:36.163+00
24ab12d0-60a2-4e45-9901-34e6e0edccd1,41ae0b9b-1f44-8d29-c33b-63304e77ce38,1,exit,ease,3,2026-08-03 17:06:48.334+00
24cb27d2-ac98-4a09-b789-97021c93adf8,dd32a375-a1f4-cfb5-1eb3-51f0ef6afd91,2,task5,learnt,played with loading new sounds into a new project and assigning control from inputs to affect both sound and visual simultaneously. ,2026-08-02 15:02:30.974+00
250b4af0-90af-4779-bd0c-d14122b5ff8d,1142f088-0475-5367-98e0-aad6a178c561,2,exit,confidence_troubleshoot_code,2,2026-08-02 15:02:09.683+00
251d2f55-2aa3-4319-95df-3338818e95bd,b2276154-9082-b9d5-34fd-c8c0006f10f2,2,exit,confidence_troubleshoot_circuits,4,2026-08-02 15:02:40.016+00
2524172c-f063-4c53-af37-76cf497081e3,0c67f223-00bc-7ae4-f408-7e5114428ba6,2,task1,learnt,"I familiarised myself with basic functions in processing and how sequencing of code and placing it within void setup or draw can impact the visual. I also worked with sculpting app; it is a useful app, but I am not sure how interact to ",2026-08-02 12:04:22.173+00
25469a20-e473-4808-942b-deecb0f4fd4c,a85b7bff-098d-7182-6dd1-f509e1c4a3be,2,task2,learnt,how to download l,2026-08-02 13:06:43.352+00
25d2a524-c13f-4638-a2c5-9e3c2a336d3d,a85b7bff-098d-7182-6dd1-f509e1c4a3be,2,task2,learnt,how to download libraries fo,2026-08-02 13:06:49.104+00
25dc5260-66bc-41d3-a70a-74101af73093,3f73833c-ad7d-c3b6-b375-383e7eae4e29,1,pre,confidence_circuits,2,2026-08-02 11:08:10.903+00
2627fbc3-4228-4ebb-8c51-56afb86bf56d,a85b7bff-098d-7182-6dd1-f509e1c4a3be,1,pre,confidence_processing,2,2026-08-02 11:08:43.208+00
2672a7ae-09ab-4e5c-ae75-336ca5de80c2,48a390b2-f05b-58e0-01c4-88992742c5d5,2,task2,learnt,Learned how to control graphics using a Arduino in collaboratoin with Processing. ,2026-08-02 13:08:47.499+00
268fab2e-3f6e-46f6-b320-5e22bf146cc8,b2276154-9082-b9d5-34fd-c8c0006f10f2,2,exit,confidence_arduino,4,2026-08-02 15:02:29.888+00
26c8b4e0-0345-4315-8a4e-5963c7f68800,0c67f223-00bc-7ae4-f408-7e5114428ba6,2,task1,learnt,I familiarised myself with basic functions in processing and how sequencing of code and placing it within void setup or draw can impact the visual. I also worked with sculpting app; it is a useful app but am ,2026-08-02 12:04:11.089+00
26d85520-d98a-48f7-be9d-cb67f9cc94b6,331e64a9-20ea-b8b6-0cf8-34a07c2ab075,1,task1,understood,3,2026-08-02 11:09:37.008+00
2728b45c-dbf0-4c60-b6bc-e7072cdda689,3f73833c-ad7d-c3b6-b375-383e7eae4e29,2,exit,challenges,"Wifi was a bit of a challenge, as was not having enough sounds already on my laptop. Sometimes not quite sure still whi",2026-08-02 15:03:10.899+00
275433c0-5ad1-4300-b22b-56d9f003991e,41ae0b9b-1f44-8d29-c33b-63304e77ce38,1,task1,learnt,How to ,2026-08-01 12:31:05.177+00
275e9e75-4e17-4c56-ba5e-e8590e8e50ef,c3f22102-00d9-5f36-79b7-267eee5f1f0a,2,task2,learnt,I learned how to use the firmata library on the Arduino to work as an input into Processing. ,2026-08-02 13:07:07.366+00
2798cb55-4bb5-4975-be83-facd586ade23,48a390b2-f05b-58e0-01c4-88992742c5d5,2,task1,learnt,"Learning how to generate images using code, and how these can be manipulated with different command inputs",2026-08-02 12:01:59.417+00
27c589d9-777b-4c46-b8a7-ba8f38679cac,dd32a375-a1f4-cfb5-1eb3-51f0ef6afd91,2,task2,learnt,setting up the arduino to be controlled by our program in processing. we needed to download a specific library in both the arduino environment and processing. we ,2026-08-02 13:07:41.688+00
27ca6c90-205a-47c0-a3a1-310d3676d8da,1142f088-0475-5367-98e0-aad6a178c561,2,task1,learnt,how to ,2026-08-02 12:02:07.529+00
27d0f7d7-0d67-46f4-9cbf-2dcefe498c59,0c67f223-00bc-7ae4-f408-7e5114428ba6,1,exit,improve,Some information/reminder about the responses of the feedback shield. ,2026-08-02 11:08:26.099+00
27d7bbf0-c5dd-4a14-b5ee-baa927a9e390,a85b7bff-098d-7182-6dd1-f509e1c4a3be,1,pre,confidence_troubleshoot_circuits,1,2026-08-01 11:20:30.554+00
27dcc3fb-77e6-46d7-8066-85d5aea3bc95,023022a1-c3b8-b4c3-fc00-2b08c8249760,1,task1,learnt,,2026-08-02 08:09:01.887+00
27eb898f-b09a-49f3-b177-7d45f7ceaa3d,995097b6-447e-5cf9-8f0e-5ab01732ab74,2,task1,understood,2,2026-07-30 12:12:31.934+00
28020394-347c-4329-9614-165526e84331,b2276154-9082-b9d5-34fd-c8c0006f10f2,2,task1,learnt,How to create images and basic shapes using code and how to use a third-party,2026-08-02 12:01:34.451+00
2805e81f-7271-4e73-ad3d-6b228fd73b17,0c67f223-00bc-7ae4-f408-7e5114428ba6,2,task2,understood,4,2026-08-02 15:06:17.419+00
281dd945-edc2-4e41-b71b-bdfdd8b6dfa2,0c67f223-00bc-7ae4-f408-7e5114428ba6,2,exit,confidence_troubleshoot_circuits,3,2026-08-02 15:06:05.661+00
2825f79a-5fbf-4a9d-a91a-14912dbbd2b3,48a390b2-f05b-58e0-01c4-88992742c5d5,1,pre,confidence_troubleshoot_circuits,4,2026-08-01 11:20:09.325+00
28373317-c9e7-4d01-ad1c-6783109edae5,dd32a375-a1f4-cfb5-1eb3-51f0ef6afd91,2,task2,learnt,setting up the arduino to be controlled by our program in processing. ,2026-08-02 13:07:07.89+00
285854bd-9adc-4761-b715-a6ef44b99a4c,0c67f223-00bc-7ae4-f408-7e5114428ba6,1,task2,learnt,I learnt to move from making the LED turn on/off to fading. The for loop is a good function to control fading.,2026-08-02 11:08:26.1+00
286a277c-967a-4857-ace3-cd8e71d5e243,3f73833c-ad7d-c3b6-b375-383e7eae4e29,2,task4,learnt,how to import audio into sketch and how the manual dial can affect different elements. assigning multiple sounds to the one dial using ranges was interesting,2026-08-02 14:39:13.018+00
28789b19-64c8-41b4-8aaa-6b95e854c9cf,b2276154-9082-b9d5-34fd-c8c0006f10f2,2,task4,learnt,How to integrate audio files into the processing environment and begin adjusting and manipulating these files using the dia,2026-08-02 14:37:51.065+00
289601b9-f89f-46c0-8f2c-9e984b587d46,dd32a375-a1f4-cfb5-1eb3-51f0ef6afd91,2,task5,learnt,played with loading new sounds into a new project and assigning control from ,2026-08-02 15:02:10.251+00
289cc0bf-dc0d-40e7-b891-3e9e6aea30ce,70d65ebf-28eb-e1e2-ec23-8e8a381f2f32,1,pre,confidence_troubleshoot_circuits,3,2026-08-02 08:03:58.659+00
28d9a8ad-e9b2-422a-ab3a-f38daba9baf4,fec64d1a-b0df-59db-b5b0-a8576f4a2ac1,2,exit,confidence_processing,5,2026-08-02 15:03:27.092+00
28f0c23c-9109-432f-8f9e-0c0f8e062a43,0c67f223-00bc-7ae4-f408-7e5114428ba6,2,task5,learnt,"I learned how to mix sound and visuals. I have not yet been able to use different sound files, but that would be great to useufl out. ",2026-08-02 15:03:00.674+00
290238ab-5342-4948-b91a-9827b473ea14,3f73833c-ad7d-c3b6-b375-383e7eae4e29,2,task2,learnt,how to connect Arduino with Processing. I don,2026-08-02 13:07:54.335+00
29173705-401c-48e7-8a94-352a0ecd3f55,0c67f223-00bc-7ae4-f408-7e5114428ba6,1,pre,done_creative_coding,no,2026-08-02 11:08:26.099+00
2918d756-ec19-4971-93cf-45ecb0d541b4,dd32a375-a1f4-cfb5-1eb3-51f0ef6afd91,1,exit,improve,better labels for the pin sockets,2026-08-02 11:08:38.932+00
297bd12d-8614-4425-8022-a1d4b74c84bf,48a390b2-f05b-58e0-01c4-88992742c5d5,2,task4,understood,5,2026-08-02 14:37:04.061+00
2a353d2e-6b4e-43b1-b198-6fa6560115b0,41ae0b9b-1f44-8d29-c33b-63304e77ce38,1,exit,improve,"I'm not sure to be honest, perhaps ",2026-08-01 14:27:43.764+00
2a385e9b-c919-4477-8515-72bcd83af46f,0c67f223-00bc-7ae4-f408-7e5114428ba6,2,task1,learnt,I familiarised myself with basic functions in processing and how sequencing of code and placing it within void setup or draw can impact the visual. I also worked with sculpting app,2026-08-02 12:03:59.339+00
2a6099d6-d0c6-48cf-9ada-3bf1f3b9f0e3,48a390b2-f05b-58e0-01c4-88992742c5d5,2,exit,improve,More accurate ,2026-08-02 15:03:43.188+00
2add7ac8-07d0-432f-b936-ca7f3539af11,a85b7bff-098d-7182-6dd1-f509e1c4a3be,1,exit,ease,3,2026-08-02 11:08:43.196+00
2add7f4b-a81a-406e-90d3-a6d0e588052d,dd32a375-a1f4-cfb5-1eb3-51f0ef6afd91,2,task2,learnt,setting up the arduino to be controlled by our program in processing. we needed to download a specific library in both the arduino environment and processing. we found how to make sure that processing could see and accept input from the arduino. we used a program in processing to accept input from the knob connected to the arduino to,2026-08-02 13:09:11.315+00
2b08ce5f-5416-4108-af40-be238fb95f78,3f73833c-ad7d-c3b6-b375-383e7eae4e29,1,task3,learnt,"how to wire multiple elements on a board, how to adjust values to make different elements ""talk"" to each other, how to follow a diagram properly and not to have things start smoking (never plug the middle one into the power....)",2026-08-02 11:08:10.903+00
2b4344d1-20c4-4561-a1d8-64824d881fd8,48a390b2-f05b-58e0-01c4-88992742c5d5,2,exit,confidence_arduino,3,2026-08-02 15:06:12.533+00
2bf4e9da-0fea-4cc2-8409-f1da8be56aa7,b2276154-9082-b9d5-34fd-c8c0006f10f2,1,task2,learnt,Unfortunately my feedback shield isn't working properly. I'm understanding how the loops can be used to change the behaviour of the LED with values.,2026-08-02 11:09:37.659+00
2c125ab2-e0de-4be3-bd40-8c9af285049f,aebaf27f-3b1e-d8ea-38c0-1f9f35f1be1b,2,task4,learnt,Integrating audio into processing controlled by ,2026-08-02 14:37:52.985+00
2c24855b-9c43-491b-ac8a-9d51e7b0b177,dd32a375-a1f4-cfb5-1eb3-51f0ef6afd91,2,task3,learnt,played a bit with the code in processing to see how to affect the output of the draw ,2026-08-02 13:31:56.532+00
2c2d236e-1b23-4bf8-929c-d36af915902b,41ae0b9b-1f44-8d29-c33b-63304e77ce38,1,pre,done_creative_coding,no,2026-08-01 11:19:42.485+00
2c9fb287-8897-4c8c-831b-04c324283806,0c67f223-00bc-7ae4-f408-7e5114428ba6,1,exit,confidence_troubleshoot_code,3,2026-08-01 14:57:47.185+00
2d6c022d-5928-4c72-b1ff-c174035efa23,3f73833c-ad7d-c3b6-b375-383e7eae4e29,2,task5,learnt,assig,2026-08-02 15:01:18.315+00
2d8e83d9-e1d5-47fc-b1a4-017154961ed9,0c67f223-00bc-7ae4-f408-7e5114428ba6,2,task5,learnt,I learned how to mix sound and visuals. I have not yet ,2026-08-02 15:02:27.435+00
2e0832e3-c1aa-4d72-9a38-708318a1c2de,fec64d1a-b0df-59db-b5b0-a8576f4a2ac1,2,task3,learnt,Manipulating parameters within Processing using analog output from Ardui,2026-08-02 13:31:22.003+00
2e1fd30b-bffa-4140-8567-48176d8b49a1,0c67f223-00bc-7ae4-f408-7e5114428ba6,2,task5,learnt,I learned how to mix sound and visuals. I also learnt h,2026-08-02 15:02:01.133+00
2e5457e6-b76e-49e0-92c5-a14145b50fd8,48a390b2-f05b-58e0-01c4-88992742c5d5,2,task4,learnt,Using arduino to manipulatesound,2026-08-02 14:37:18.232+00
2e630b97-93c8-466f-ac51-e5bfab5e80a5,c3f22102-00d9-5f36-79b7-267eee5f1f0a,2,exit,improve,Maybe a box within the camera,2026-08-02 15:01:14.333+00
2e8f4d6c-32f3-41a1-aec0-5cc0e83c9e63,dd32a375-a1f4-cfb5-1eb3-51f0ef6afd91,2,task1,learnt,basic code structure in processing. how to make a basic image and adjust some ,2026-08-02 12:01:35.108+00
2ec5df28-7d53-4930-bab6-bbe2ff01c39e,c3f22102-00d9-5f36-79b7-267eee5f1f0a,2,task5,learnt,"I learned to connect all of the learning from the last few days, controlling sounds, and forms on the screen by using an arduino",2026-08-02 14:59:27.085+00
2ecf093e-c761-46f9-a9bd-0b60040b3257,48a390b2-f05b-58e0-01c4-88992742c5d5,2,task2,learnt,Learned how to control graphics using Arduino in collaboratoin with Processing. ,2026-08-02 13:08:45.175+00
2ee65cbb-e887-4fc4-8cfa-b94db944532e,0c67f223-00bc-7ae4-f408-7e5114428ba6,2,exit,challenges,"The sculpting code app is well structured, but I am not sure how it is supporting lea",2026-08-02 15:03:53.064+00
2f0808f8-cf1c-46bf-a5c1-aa48248ac421,dd32a375-a1f4-cfb5-1eb3-51f0ef6afd91,2,task2,learnt,setting up the arduino to be controlled by our program in processing. we needed to download a specific library in both the arduino environment and processing. we found how to make sure that processing ,2026-08-02 13:07:56.437+00
2f30989d-3ae4-4fd4-86d4-5b42f952126a,48a390b2-f05b-58e0-01c4-88992742c5d5,2,task2,learnt,Learned how to ,2026-08-02 13:06:11.937+00
2f5f476a-61ed-4874-bbd5-80d9418dc0cc,331e64a9-20ea-b8b6-0cf8-34a07c2ab075,2,task5,learnt,meshing audio and ,2026-08-02 15:01:46.058+00
2f7f2dc6-23a9-4177-89b8-f273a33873ce,70d65ebf-28eb-e1e2-ec23-8e8a381f2f32,1,pre,confidence_arduino,2,2026-08-02 11:07:47.058+00
2f835198-85a8-4423-82ff-01eaa53096c7,331e64a9-20ea-b8b6-0cf8-34a07c2ab075,1,pre,confidence_troubleshoot_circuits,1,2026-08-01 11:20:24.548+00
2f873e04-9ac5-4a69-ac01-11b7d30c6e98,fec64d1a-b0df-59db-b5b0-a8576f4a2ac1,2,task3,learnt,Manipulating parameters with,2026-08-02 13:30:57.2+00
2f87b28a-3857-40c1-bc58-befd389c555e,48a390b2-f05b-58e0-01c4-88992742c5d5,2,task2,understood,4,2026-08-02 13:05:55.063+00
2fbb2ec4-0e87-4409-8fd9-14bf4fe78e2e,0c67f223-00bc-7ae4-f408-7e5114428ba6,2,task3,learnt,"Learned to modify input control and graphic, but mainly through changing numbers between brackets and looking up information in ",2026-08-02 13:51:01.257+00
2fcc37a9-dbac-4c31-bcbb-9c441668bfe2,48a390b2-f05b-58e0-01c4-88992742c5d5,1,exit,confidence_troubleshoot_circuits,4,2026-08-02 12:05:30.843+00
300bf657-2688-4422-9c9b-30b23b9e595b,0c67f223-00bc-7ae4-f408-7e5114428ba6,2,exit,challenges,"The sculpting code app is well structured, but I am not sure how it is supporting learning. ",2026-08-02 15:03:53.897+00
30101bda-b39c-43d2-b13a-f7b3a233d8e4,0c67f223-00bc-7ae4-f408-7e5114428ba6,2,task4,learnt,I was not able to put this task into practice as I did not have sound files and had to download them. Prov,2026-08-02 14:39:18.49+00
30415d88-5096-4f8b-94c7-52d51a167402,dd32a375-a1f4-cfb5-1eb3-51f0ef6afd91,2,task2,learnt,setting up the arduino to be controlled by our program in processing. we needed to download a specific library in both the arduino environment and processing. we found how to make sure that processing could see and accept input from the arduino. we used a program in processing to accept input from the knob connected to the arduino to control aspects of the visual created.,2026-08-02 13:09:22.475+00
304a9be7-a043-45ff-b367-58cfe064524d,fec64d1a-b0df-59db-b5b0-a8576f4a2ac1,2,task5,learnt,Bringing together audio and visual manipulation using controllers,2026-08-02 15:02:02.847+00
30543f7d-cba4-4141-a4ac-d4648935b1f3,3f73833c-ad7d-c3b6-b375-383e7eae4e29,2,task1,learnt,creating shapes in Processions,2026-08-02 12:01:53.071+00
3071ba94-4093-4a50-bb7b-7ea9969181a5,0c67f223-00bc-7ae4-f408-7e5114428ba6,2,task1,learnt,"I familiarised myself with basic functions in processing and how sequencing of code and placing it within void setup or draw can impact the visual. I also worked with sculpting app; it is a useful app, but I am not sure how interact with it to adapt the visual. Should I use the prompt or change the code?",2026-08-02 15:06:17.419+00
309beeef-e557-4f0f-be20-dbfb78428575,fec64d1a-b0df-59db-b5b0-a8576f4a2ac1,2,task2,learnt,Learned how to connect Arduino to Processing and control the ,2026-08-02 13:06:46.663+00
30f9c018-acdc-4efd-806d-fc97dee01a7b,1142f088-0475-5367-98e0-aad6a178c561,2,task3,learnt,How to mak,2026-08-02 13:30:24.572+00
3115b6b3-27c6-4438-bf50-a0548e0f0ba5,3f73833c-ad7d-c3b6-b375-383e7eae4e29,2,task4,learnt,how to import audio into sketch and how the manual dial can affect different elements. assigning multiple sounds to the one dial using ranges was interest,2026-08-02 14:39:12.474+00
3161f4aa-6ea6-4ed3-84c5-ad7c696a7725,48a390b2-f05b-58e0-01c4-88992742c5d5,1,task1,learnt,"Well laid out intro to how Arduino works, once we got it working!",2026-08-02 12:05:30.843+00
316c3000-b771-47dc-9e6e-b98c401f3674,0c67f223-00bc-7ae4-f408-7e5114428ba6,2,task4,learnt,I was not able to ,2026-08-02 14:37:47.398+00
31c8b76e-eae8-4fdd-b304-93f136f4c5c5,fec64d1a-b0df-59db-b5b0-a8576f4a2ac1,2,task3,learnt,Manipulating parameters within Processing using ,2026-08-02 13:31:09.998+00
31d8d515-b5af-45c0-8356-a478f72a71b7,0c67f223-00bc-7ae4-f408-7e5114428ba6,2,task2,learnt,I learned to access and upload libraries on Arduino and Processing. Setting up both hardware and software is not complicated but not straightforward either. It is great to use a physical input to change the graphic,2026-08-02 13:09:15.724+00
31eb5fd4-ea99-4bdc-ae8d-91eb0cab5d00,331e64a9-20ea-b8b6-0cf8-34a07c2ab075,2,exit,confidence_arduino,3,2026-08-02 15:02:30.667+00
320ac061-b0d1-4c63-878f-a477cc784b0f,c3f22102-00d9-5f36-79b7-267eee5f1f0a,1,pre,done_physical_computing,yes,2026-08-01 11:19:35.222+00
32532f8e-b38e-45c1-a071-706fe2ec7558,c3f22102-00d9-5f36-79b7-267eee5f1f0a,2,task2,learnt,I learned how to use the firmata library on the Arduino to work as an input into Processing. It was simpler than I expected. ,2026-08-02 13:07:24.016+00
327d2d7c-8941-4f8a-8598-32cc59cc2ba4,3f73833c-ad7d-c3b6-b375-383e7eae4e29,2,task4,learnt,how to import audio into sketch and how the manual dial can affect different elements. assigning multiple sounds to the one dial using ranges w,2026-08-02 14:39:10.545+00
32a2d037-07d2-415b-b437-898011bfcde4,c3f22102-00d9-5f36-79b7-267eee5f1f0a,2,exit,challenges,,2026-08-02 15:00:57.247+00
32ea1f0a-5e0b-42f3-a3cb-4b7a30d3bab0,dd32a375-a1f4-cfb5-1eb3-51f0ef6afd91,2,exit,confidence_arduino,4,2026-08-02 15:04:59.892+00
331ae37e-50b1-4ddf-b071-ffdc48f92391,d2f37555-aee0-43a9-907f-1eaaf3f37ebf,1,pre,hopes,Checking the survey still saves after the refactor.,2026-07-27 15:25:51.008+00
33394173-362a-479f-8a1a-8b76ef574dc7,b2276154-9082-b9d5-34fd-c8c0006f10f2,1,pre,confidence_troubleshoot_circuits,1,2026-08-02 11:09:37.659+00
335a2475-19f6-4b3c-8ae1-e5911946014a,48a390b2-f05b-58e0-01c4-88992742c5d5,2,task1,learnt,"Learning how to generate static images using code, and how these can be manipulated with different command inputs.",2026-08-02 12:02:05.856+00
335f5a63-dde7-43a1-9cb2-1e009399fd25,41ae0b9b-1f44-8d29-c33b-63304e77ce38,1,pre,confidence_circuits,2,2026-08-01 11:20:11.469+00
33aa75f7-de26-484b-acf9-8d806d7b0d55,fec64d1a-b0df-59db-b5b0-a8576f4a2ac1,2,exit,confidence_troubleshoot_circuits,4,2026-08-02 15:03:35.608+00
33d33620-58bd-4d88-a3b2-133ee6977921,3f73833c-ad7d-c3b6-b375-383e7eae4e29,2,task4,learnt,how to import audio into sketch and how the manual dial can affect differe,2026-08-02 14:38:57.241+00
33e5738b-4ecd-4a34-8bac-56724243e07f,dd32a375-a1f4-cfb5-1eb3-51f0ef6afd91,2,exit,worked_well,it really worked much better than expected in interpreting im,2026-08-02 15:04:35.386+00
3404e278-9a76-4a9d-89a2-fe921ef87feb,a85b7bff-098d-7182-6dd1-f509e1c4a3be,1,exit,confidence_troubleshoot_circuits,2,2026-08-01 14:25:41.162+00
341d4d5c-6529-4d15-a70b-3562ab6d8b0c,3f73833c-ad7d-c3b6-b375-383e7eae4e29,2,task4,learnt,how to import audio into sketch and how the manual dial can ,2026-08-02 14:38:54.762+00
3436051e-53f6-48ad-8bc2-bb2cb3a29667,aebaf27f-3b1e-d8ea-38c0-1f9f35f1be1b,2,task2,learnt,Difference between float and int (probably from task 1),2026-08-02 13:06:28.036+00
343ea4c2-0715-4770-a013-2c532946603e,0c67f223-00bc-7ae4-f408-7e5114428ba6,2,task3,learnt,Learned to modify ,2026-08-02 13:50:02.517+00
34509bbf-7d6a-4644-ba7a-2372c413dc2e,c3f22102-00d9-5f36-79b7-267eee5f1f0a,2,task1,learnt,"I used Processing for the first time, it was easy to get started and move beyond basic shapes and colours The Sculpting Code tool was a fantastic way to experiment with more complex shapes and forms without 'thinking in code'",2026-08-02 12:02:17.258+00
34653245-98bf-4a86-9ec5-887cbc50a6cb,c3f22102-00d9-5f36-79b7-267eee5f1f0a,2,exit,worked_well,It was so quick to go from something in the real world to code! I liked being able to ask if to 'fix' things that weren't interpreted right.,2026-08-02 15:00:27.905+00
3483bb71-3270-41ad-aae1-479e6c296a2c,dd32a375-a1f4-cfb5-1eb3-51f0ef6afd91,2,task2,learnt,setting up the arduino to be controlled by our program in processing. we needed to download a specific library in both the arduino environment and processing. we found how to make sure that processing could see and control the arduino,2026-08-02 13:08:05.508+00
3483e33f-58d4-4217-b512-d86a47d27a5f,b08cbec8-5361-79aa-b266-abaa03aa0a97,1,exit,confidence_circuits,5,2026-08-01 14:56:08.902+00
34a564d6-5318-4f68-ae47-0edb7ade0166,aebaf27f-3b1e-d8ea-38c0-1f9f35f1be1b,2,task1,learnt,"How to translate shapes and colours into code using processing, language is adaptable, how to us",2026-08-02 12:01:59.548+00
34ff4cd8-b01a-43c9-9e31-bd993040075e,aebaf27f-3b1e-d8ea-38c0-1f9f35f1be1b,2,task2,learnt,"Difference between float and int (probably from task 1), connecting Ard",2026-08-02 13:06:44.171+00
351912d6-36e4-4b83-b7a6-c1c5ded4ade9,dd32a375-a1f4-cfb5-1eb3-51f0ef6afd91,2,task2,learnt,setting up the arduino to be controlled by our program in processing. we needed to download a specific library in both the arduino environment and processing. we found how to make sure that processing could see and ,2026-08-02 13:07:59.488+00
353f5fee-2206-42a0-b284-9a19b90c6879,a85b7bff-098d-7182-6dd1-f509e1c4a3be,1,exit,confidence_circuits,3,2026-08-01 14:25:31.962+00
35581de4-e186-464b-bdbf-d84fbd7e07b2,c3f22102-00d9-5f36-79b7-267eee5f1f0a,2,task3,learnt,It was good to try and ,2026-08-02 13:33:13.964+00
35623ad2-e3a8-4c39-8715-560dcddc36f5,331e64a9-20ea-b8b6-0cf8-34a07c2ab075,2,task3,learnt,controlling how an image changes using ,2026-08-02 13:22:14.399+00
3564290a-1e5e-4fc2-be48-5f1db42e2b27,0c67f223-00bc-7ae4-f408-7e5114428ba6,2,task1,learnt,Use ,2026-08-02 12:01:56.563+00
357910e5-3712-4170-ac28-c922d21705bb,48a390b2-f05b-58e0-01c4-88992742c5d5,2,task2,learnt,Learned how to control nect Arduino to p,2026-08-02 13:08:07.95+00
35acc3ce-1d56-4558-8f4e-46e6b12bfee3,48a390b2-f05b-58e0-01c4-88992742c5d5,1,task1,understood,5,2026-08-02 12:05:30.843+00
35ee12ba-3a06-4d3f-8ac6-326baa053833,dd32a375-a1f4-cfb5-1eb3-51f0ef6afd91,2,task2,learnt,setting up the arduino to be controlled by our program in processing. we needed to download a specific library in both the arduino environment and processing. ,2026-08-02 13:07:41.389+00
35f880b5-e49a-4564-9466-0c9f59a5a227,1142f088-0475-5367-98e0-aad6a178c561,2,exit,worked_well,Everything. It interpreted ,2026-08-02 14:56:00.757+00
35ff48e2-6e6d-454d-a77f-462304b9bd55,1142f088-0475-5367-98e0-aad6a178c561,2,task1,learnt,how to code in processing,2026-08-02 12:02:15.331+00
36427ea7-a02b-4cdf-95b4-fdf1e171ee11,aebaf27f-3b1e-d8ea-38c0-1f9f35f1be1b,2,task2,learnt,"Difference between float and int (probably from task 1), connecting Ardduino",2026-08-02 13:06:47.605+00
3658ad13-f55d-4846-8c53-01b68f9d242f,0c67f223-00bc-7ae4-f408-7e5114428ba6,1,exit,confidence_troubleshoot_circuits,3,2026-08-02 15:06:17.42+00
36789809-a9d2-4f45-8a39-584d541de0b6,0c67f223-00bc-7ae4-f408-7e5114428ba6,2,task2,learnt,I learned to access and upload libraries on Arduino and Processing. Setting up both hardware and software is not complicated but not straightforward either. It is great to use a physical input to change th,2026-08-02 13:09:12.848+00
3692e0f4-24d2-47e7-b830-f5bed5702b90,fa81bca3-a30c-be64-b71d-df2a1287f8d5,1,task2,learnt,Using an,2026-08-01 13:05:14.197+00
36aae2c0-f946-463a-b798-29799cb367dd,c3f22102-00d9-5f36-79b7-267eee5f1f0a,2,task1,learnt,"I used Processing for the first time, ",2026-08-02 12:01:24.931+00
36b5f3d1-496a-49d2-94b8-9d740aca087f,dd32a375-a1f4-cfb5-1eb3-51f0ef6afd91,2,task3,learnt,played a bit with the code in processing to see how to ,2026-08-02 13:31:45.422+00
36e95df8-9f44-4355-b95f-4efd8af54093,331e64a9-20ea-b8b6-0cf8-34a07c2ab075,1,task3,understood,4,2026-08-02 11:09:37.008+00
36ef81c9-05f6-4d36-ab15-3962b8b81975,c3f22102-00d9-5f36-79b7-267eee5f1f0a,2,task3,learnt,It was good to try out different ways of playing with size and shape using the arduino as an input. I will u,2026-08-02 13:33:42.748+00
3706a90c-2ae1-4863-b50d-d53d874e7ee7,b2276154-9082-b9d5-34fd-c8c0006f10f2,2,task3,learnt,Learned how to adjust part of the code to manipulate the ,2026-08-02 13:30:51.661+00
37719591-0fcb-4e66-bd9f-f7c02275b5df,b2276154-9082-b9d5-34fd-c8c0006f10f2,2,task1,learnt,How to create images and basic shapes using code and how to use a third-party soft,2026-08-02 12:01:35.395+00
37820ca2-90cd-4b71-aab7-061ce6b8b1e6,48a390b2-f05b-58e0-01c4-88992742c5d5,1,exit,confidence_arduino,4,2026-08-02 12:05:30.843+00
37ab44c0-6a53-44d4-9260-af118877fa45,1142f088-0475-5367-98e0-aad6a178c561,2,task3,learnt,,2026-08-02 13:30:20.324+00
37c37d6a-f12c-4888-ae40-31e408ac12c8,3f73833c-ad7d-c3b6-b375-383e7eae4e29,2,task4,learnt,how to import audio into s,2026-08-02 14:38:49.223+00
37c7a3b7-2655-4e58-bc60-50cb9d32b506,48a390b2-f05b-58e0-01c4-88992742c5d5,2,task5,learnt,Understanding how to combine audio clips and visuals using ,2026-08-02 15:01:17.437+00
380e476b-d7a3-4d37-93bf-82bfc99794f0,b08cbec8-5361-79aa-b266-abaa03aa0a97,1,pre,confidence_circuits,5,2026-08-02 11:08:40.392+00
380e5c85-0ae7-4d5a-978e-d9e4c35993ed,3f73833c-ad7d-c3b6-b375-383e7eae4e29,1,exit,confidence_troubleshoot_code,2,2026-08-02 11:07:57.201+00
3814a5b7-52cb-4528-be14-691d50a603ff,dd32a375-a1f4-cfb5-1eb3-51f0ef6afd91,2,task1,learnt,basic code structure in pro,2026-08-02 12:01:19.226+00
3828e6a6-7699-4f18-b996-532a0db7da2b,dd32a375-a1f4-cfb5-1eb3-51f0ef6afd91,2,exit,ease,5,2026-08-02 15:02:52.997+00
383032fd-9706-4ef8-bfdf-a58b5780aa6a,1dd98294-c152-48c9-8899-80b5f5f26dc5,1,pre,hopes,Testing the real save path now.,2026-07-26 19:37:31.218+00
38398612-ab4a-4b9d-a1e1-00e786c78e97,48a390b2-f05b-58e0-01c4-88992742c5d5,1,task3,learnt,"After some confusion with the code, I was able to make the arduino and the LED talk to each other. Understanding how the analog read and write functions are different allowed me to appreciate how they work together. ",2026-08-02 12:05:30.844+00
3851fb7a-3c6d-4019-9900-5887d7e23dbd,3f73833c-ad7d-c3b6-b375-383e7eae4e29,2,exit,challenges,"Wifi was a bit of a challenge, as was not having enough sounds already on my laptop. Sometimes not quite sure still which c",2026-08-02 15:03:11.431+00
38561d0a-4e8a-45b5-a980-f00dd4cbb26f,fec64d1a-b0df-59db-b5b0-a8576f4a2ac1,2,exit,improve,Popping up a Catcha to ,2026-08-02 15:03:10.569+00
3869a7c6-85b2-4709-97f0-df44eaf9ea1c,0c67f223-00bc-7ae4-f408-7e5114428ba6,1,exit,improve,Some information/reminder about the responses of the feedback shield. ,2026-08-02 15:06:17.42+00
38b942c6-c37d-4b0c-96c6-33afefc9a501,fec64d1a-b0df-59db-b5b0-a8576f4a2ac1,2,task3,learnt,M,2026-08-02 13:30:33.255+00
38b98eac-0ba2-4254-a691-2956664acccc,0c67f223-00bc-7ae4-f408-7e5114428ba6,2,task3,learnt,"Learned to modify input control and graphic, but mainly through changing numbers between brackets and looking up information in Processing reference guides",2026-08-02 13:51:13.396+00
38d73797-8740-45c1-988f-4ed7912386b8,c3f22102-00d9-5f36-79b7-267eee5f1f0a,2,exit,improve,Maybe a box within the camera's FOV,2026-08-02 15:01:19.052+00
38f4370f-8f2b-4198-92ec-0f1183a08f8d,41ae0b9b-1f44-8d29-c33b-63304e77ce38,1,exit,ease,1,2026-08-03 17:06:55.585+00
38f523ca-4158-42af-af9d-d97e25980cc6,0c67f223-00bc-7ae4-f408-7e5114428ba6,2,task3,learnt,"Learned to modify input control and graphic, but mainly through changing numbers between brackets and looking up information in Processing reference guides, not through the sculpting code",2026-08-02 13:51:24.668+00
391f165f-133b-4294-80c5-ffc4e6343558,b2276154-9082-b9d5-34fd-c8c0006f10f2,1,pre,confidence_processing,1,2026-08-02 11:09:37.659+00
398285a3-d700-4147-bc85-f251b08a373c,0c67f223-00bc-7ae4-f408-7e5114428ba6,2,task3,learnt,"Learned to modify input control and graphic, but mainly through changing numbers between brackets and looking up information in Processing reference guides, not through s",2026-08-02 13:51:18.892+00
39a9d1a6-6895-43f9-aa56-e54f39c6ba0e,aebaf27f-3b1e-d8ea-38c0-1f9f35f1be1b,2,exit,challenges,"Not any really, bit of a lag with the wifi but fairly intuitive, I liked pulling from generated code to supplement ",2026-08-02 15:02:37.939+00
39bf2984-ea22-466c-98a4-a27e6d7c9bb8,dd32a375-a1f4-cfb5-1eb3-51f0ef6afd91,1,exit,confidence_circuits,3,2026-08-01 14:27:53.89+00
3a40846a-eb5f-4610-a2bb-c9034aa8e8e5,a85b7bff-098d-7182-6dd1-f509e1c4a3be,1,pre,confidence_troubleshoot_code,1,2026-08-02 11:08:43.208+00
3a56095e-fd0c-40d0-82be-c18945d19b11,0c67f223-00bc-7ae4-f408-7e5114428ba6,2,task4,learnt,I was not able to put this task into practice as I did not have sound files and had to download them. Providing default sound files would have been helpful. ,2026-08-02 15:06:17.419+00
3a809e64-f499-44cb-babf-7fe0fb278ac5,b2276154-9082-b9d5-34fd-c8c0006f10f2,2,task2,learnt,Figured out how to incorporate arduino and processing by ensuring that the relevant libraries are installed so that the programs can speak to each other. This way we are now able to use the arduino ,2026-08-02 13:07:24.381+00
3aa41bd3-57fc-483e-8737-61a0980912f7,aebaf27f-3b1e-d8ea-38c0-1f9f35f1be1b,2,task4,learnt,Integrating audio into processing cont,2026-08-02 14:37:51.535+00
3ab1dcb6-1d2e-484a-af83-170ca58514a8,dd32a375-a1f4-cfb5-1eb3-51f0ef6afd91,2,task2,learnt,setting up the arduino to be controlled by our program in processing. we needed to download a specific library in both the arduino environment and ,2026-08-02 13:07:37.326+00
3ac93895-51bb-4332-b166-407bb56c8e09,1142f088-0475-5367-98e0-aad6a178c561,2,exit,confidence_processing,4,2026-08-02 15:02:18.49+00
3afaaeed-eee4-4492-9ae9-ab12a31c2e28,fec64d1a-b0df-59db-b5b0-a8576f4a2ac1,2,exit,improve,Popping up a Catcha ,2026-08-02 15:03:07.331+00
3b2d9db8-4055-4e3d-bbd7-8f7e124e2c6b,48a390b2-f05b-58e0-01c4-88992742c5d5,2,task3,learnt,Using different coding to manipulate images. I found this difficult to translate with different images.,2026-08-02 13:32:11.477+00
3b306296-4591-4e07-adb1-5028c86302b0,fec64d1a-b0df-59db-b5b0-a8576f4a2ac1,2,task3,learnt,Manipulating ,2026-08-02 13:30:37.77+00
3b32b727-9c30-404a-8cf1-bb97edba6ca4,3f73833c-ad7d-c3b6-b375-383e7eae4e29,2,task4,learnt,how to import audio into sketch and how the manual dial can affe,2026-08-02 14:38:55.496+00
3b3c2799-fe9c-4105-b3a0-d74570d5a702,aebaf27f-3b1e-d8ea-38c0-1f9f35f1be1b,2,task2,learnt,"Difference between float and int (probably from task 1), connecting Arduino, remembering to bound the range of the potentiometer to the canvas",2026-08-02 13:07:27.57+00
3b3df8d5-5595-4c29-9dcc-1b7e9869dcae,3f73833c-ad7d-c3b6-b375-383e7eae4e29,2,task5,learnt,"assigning sounds to visuals, controlling both or either with manual dial, exploring looping through sounds until the assigned thr",2026-08-02 15:02:11.903+00
3b4ee08f-8ba0-474e-8c17-8630a5b9a0b3,aebaf27f-3b1e-d8ea-38c0-1f9f35f1be1b,2,task4,learnt,Integrating audio into processing controlle,2026-08-02 14:37:52.26+00
3b5d6412-05d5-4b0c-84c8-f6a5be636f61,b2276154-9082-b9d5-34fd-c8c0006f10f2,2,task4,learnt,How to integrate audio files into the processing environment and begin adjusting and manipulating these files using the,2026-08-02 14:37:50.269+00
3b8ed09b-5b47-4324-8ac6-a73836c0ebfa,48a390b2-f05b-58e0-01c4-88992742c5d5,2,exit,improve,Being able to merge prorams,2026-08-02 15:05:42.901+00
3ba5bd19-6a2a-4e86-8e5a-35c6bf2ca729,3f73833c-ad7d-c3b6-b375-383e7eae4e29,1,exit,worked_well,"the on/off battery switch, ",2026-08-01 14:25:32.016+00
3bc2439e-aaf9-47f8-9516-946e1ceae41c,1142f088-0475-5367-98e0-aad6a178c561,2,task2,learnt,How to connect a,2026-08-02 13:10:59.895+00
3bdb3acd-bfb4-4ca9-b6ee-5fa9de8bcbc4,331e64a9-20ea-b8b6-0cf8-34a07c2ab075,2,exit,confidence_troubleshoot_circuits,3,2026-08-02 15:02:52.548+00
3be79119-d5a8-4972-983e-bf4cadc0a760,3f73833c-ad7d-c3b6-b375-383e7eae4e29,2,exit,worked_well,"Being able to copy and paste the code into processing, theway",2026-08-02 15:04:36.5+00
3c027d5b-2782-4aaa-ab1b-5d1034a3c320,3f73833c-ad7d-c3b6-b375-383e7eae4e29,1,pre,confidence_troubleshoot_circuits,1,2026-08-02 11:08:10.903+00
3c7a2086-2635-4ff1-9126-4a5896c69853,0c67f223-00bc-7ae4-f408-7e5114428ba6,2,task1,learnt,"I familiarised myself with basic functions in processing and how sequencing of code and placing it within void setup or draw can impact the visual. I also worked with sculpting, but I am not sure ",2026-08-02 12:03:54.105+00
3cf5641e-b68c-45ed-a493-dd364edaf508,1142f088-0475-5367-98e0-aad6a178c561,2,task2,learnt,How to connect ar,2026-08-02 13:11:00.025+00
3d29f311-4d5f-445a-a05b-c4f03ceb07bb,48a390b2-f05b-58e0-01c4-88992742c5d5,2,task1,learnt,"Learning how to generate images using code, and how these can be manipulated ",2026-08-02 12:01:52.663+00
3d427f26-4752-487c-9106-71375567c902,b2276154-9082-b9d5-34fd-c8c0006f10f2,2,exit,improve,None,2026-08-02 15:02:27.879+00
3d4788b5-77ed-4c68-ae91-bca7efab1a5b,0c67f223-00bc-7ae4-f408-7e5114428ba6,2,task2,learnt,I learned to ,2026-08-02 13:07:45.031+00
3d4e4c5a-1833-4474-99b9-43d8e334bdb8,0c67f223-00bc-7ae4-f408-7e5114428ba6,1,task3,learnt,I ,2026-08-01 14:23:35.896+00
3d7e90e0-4225-4b9e-a4ad-1f6e11c3cf09,0c67f223-00bc-7ae4-f408-7e5114428ba6,2,task5,learnt,"I learned how to mix sound and visuals. I have not yet been able to use different sound files, but that would be great to useuflout. ",2026-08-02 15:03:00.493+00
3df05020-1724-4f2f-a5ee-d4866cf6ccbb,70d65ebf-28eb-e1e2-ec23-8e8a381f2f32,1,pre,done_creative_coding,no,2026-07-31 19:10:56.53+00
3e10b095-e00b-4c49-b4fd-a54d054766e7,aebaf27f-3b1e-d8ea-38c0-1f9f35f1be1b,2,task1,learnt,How to tr,2026-08-02 12:01:37.185+00
3e409ee6-3b46-4f6f-bb21-5aa70fd9a3d4,c3f22102-00d9-5f36-79b7-267eee5f1f0a,2,task3,learnt,It was good to try out different ways of playing with size and shape using the arduino as an input. I will use some of the different functions later,2026-08-02 13:33:52.24+00
3e7ac432-6f69-454f-8431-61e9462a2af0,0c67f223-00bc-7ae4-f408-7e5114428ba6,2,task5,learnt,"I learned how to mix sound and visuals. I have not yet been able to use different sound files, but that would be great to usefulout. ",2026-08-02 15:03:04.15+00
3ea819e8-ee22-47cb-8db5-100939b6b3e9,a85b7bff-098d-7182-6dd1-f509e1c4a3be,1,pre,done_physical_computing,yes,2026-08-02 11:08:43.208+00
3ebc42e1-25ee-4601-b17d-6b557c848f06,48a390b2-f05b-58e0-01c4-88992742c5d5,2,task2,learnt,Learned how to control graphics using Arduino and =nect Arduino to p,2026-08-02 13:08:16.172+00
3ee89b2a-d829-4c5e-b1b4-e86940380066,1142f088-0475-5367-98e0-aad6a178c561,2,task4,understood,5,2026-08-02 14:37:00.159+00
3ef59688-5c3f-4ef9-8335-5759a8d00239,331e64a9-20ea-b8b6-0cf8-34a07c2ab075,1,exit,confidence_circuits,3,2026-08-01 14:25:09.662+00
3f1d18b7-d9e4-4237-8f2f-206f5706e189,0c67f223-00bc-7ae4-f408-7e5114428ba6,2,task3,learnt,Learned to modify input control and visuali,2026-08-02 13:50:11.779+00
3f4d1574-8635-43ee-a462-db36760f6f73,3f73833c-ad7d-c3b6-b375-383e7eae4e29,2,task5,learnt,"assigning sounds to visuals, controlling both or either with manual dial, exploring looping through sounds until the assigne",2026-08-02 15:02:08.951+00
3f5cb7cf-dfe6-43cb-ad99-88d9d225769d,48a390b2-f05b-58e0-01c4-88992742c5d5,2,task5,learnt,Understanding ho to com,2026-08-02 15:01:04.17+00
3f64cba5-20e0-4f87-a8f5-ca177d1ad118,3f73833c-ad7d-c3b6-b375-383e7eae4e29,2,task1,understood,4,2026-08-02 12:01:17.689+00
3f918ae2-cd6d-49bb-8115-92b456760816,dd32a375-a1f4-cfb5-1eb3-51f0ef6afd91,2,exit,challenges,i think it would be good to have a little animation that runs to give confirmation to know when it is ,2026-08-02 15:03:21.558+00
3fbf59d7-11e3-4d0f-a6c2-f3df9b6b8b95,48a390b2-f05b-58e0-01c4-88992742c5d5,2,task2,learnt,Learned how to control graphics using Arduino in collaboratoin with Processing. nect Arduino to p,2026-08-02 13:08:32.048+00
3fe2c819-77f4-4421-8eab-ef84f0866b4b,331e64a9-20ea-b8b6-0cf8-34a07c2ab075,2,task4,learnt,"learned about controlling audio with physical dials, using processing",2026-08-02 14:37:35.029+00
3fe47ae2-b22b-4bd5-9480-61cb9e8700eb,aebaf27f-3b1e-d8ea-38c0-1f9f35f1be1b,2,exit,improve,"I'm not sure, maybe an explanation with the question option? That may be too much",2026-08-02 15:04:05.946+00
4000278d-540d-4034-bc60-a145427e82e1,3f73833c-ad7d-c3b6-b375-383e7eae4e29,2,task4,learnt,how to import audio into sketch and how the manual ,2026-08-02 14:38:53.237+00
400357d9-d349-4af7-887d-3dbbb75153b6,dd32a375-a1f4-cfb5-1eb3-51f0ef6afd91,2,exit,confidence_troubleshoot_circuits,2,2026-08-02 15:05:15.098+00
4064d997-01da-4657-8e7f-9611cda6e037,dd32a375-a1f4-cfb5-1eb3-51f0ef6afd91,1,exit,confidence_troubleshoot_circuits,2,2026-08-01 14:28:04.722+00
40df65e8-800c-4514-b7bf-6031bdf96fa7,dd32a375-a1f4-cfb5-1eb3-51f0ef6afd91,2,task1,learnt,basic code structure in processing. how to make ,2026-08-02 12:01:25.553+00
40ec0285-4900-4b96-be23-f184d1998f0e,3f73833c-ad7d-c3b6-b375-383e7eae4e29,2,exit,worked_well,"Being able to copy and paste the code into processing, thewa",2026-08-02 15:04:36.382+00
4109293c-b5c8-4917-8f55-5be9653faacb,fa81bca3-a30c-be64-b71d-df2a1287f8d5,1,task1,understood,5,2026-08-01 12:29:13.396+00
41629a58-4366-4674-9f63-29baf280b726,dd32a375-a1f4-cfb5-1eb3-51f0ef6afd91,1,task3,understood,5,2026-08-02 11:08:38.933+00
418c897f-c378-4a20-8b48-a3ac01dc0d0b,3f73833c-ad7d-c3b6-b375-383e7eae4e29,2,task4,learnt,how to import audio into sketc,2026-08-02 14:38:50.137+00
419bde8a-fcc3-451a-8745-1f70a6a8c3d6,96917aa5-e2a8-dae4-3b0f-70179ab41e8d,1,exit,confidence_troubleshoot_circuits,4,2026-08-01 14:57:41.15+00
41bbfc79-1846-4828-acc4-a43dc385b35e,c3f22102-00d9-5f36-79b7-267eee5f1f0a,2,exit,improve,Maybe a box within the cameras F,2026-08-02 15:01:15.157+00
41c89b36-0ce9-4cf4-bcf2-12dd2f482a8e,dd32a375-a1f4-cfb5-1eb3-51f0ef6afd91,2,task2,learnt,setting up the arduino to be controlled by our program in processing. we needed to download a specific library in both the arduino environment and processing. we found how to make sure that processing could see and accept input from the arduino. we used a program in processing to ,2026-08-02 13:08:48.243+00
41d38f0b-c3ce-47b3-a1df-f627033d773d,0c67f223-00bc-7ae4-f408-7e5114428ba6,1,exit,confidence_arduino,4,2026-08-02 15:06:17.42+00
4275970c-a95b-4546-8bea-bcc8474b2646,1142f088-0475-5367-98e0-aad6a178c561,2,task5,learnt,I learned how to change the sounds and make visuals and sound react to the di,2026-08-02 14:55:04.72+00
42a7e578-349c-4d0b-8064-dba6d7ff1f3d,a85b7bff-098d-7182-6dd1-f509e1c4a3be,2,task1,learnt,"basics of writing code into Processing, creating shapes and adding colours. How to use sculpting code ",2026-08-02 12:02:53.552+00
42e60d31-ab12-4d21-9d3e-2a9acf23a414,aebaf27f-3b1e-d8ea-38c0-1f9f35f1be1b,2,exit,challenges,"Not any really, bit of a lag with the wifi but fairly intutitive, ",2026-08-02 15:02:20.375+00
42f7c12d-9fb7-4913-825a-3307c38bbcc0,a85b7bff-098d-7182-6dd1-f509e1c4a3be,1,pre,confidence_arduino,2,2026-08-01 11:20:11.655+00
42fb9396-5ff6-45c6-bb8e-7e922b0daf9a,48a390b2-f05b-58e0-01c4-88992742c5d5,2,task3,learnt,,2026-08-02 13:30:32.236+00
4303ba56-6147-4fe4-81fc-dda04b70ff71,3f73833c-ad7d-c3b6-b375-383e7eae4e29,1,exit,improve,having the same numbers on it as the arduino underneath,2026-08-02 11:07:57.201+00
431b93ed-ef96-4183-ba02-3c8ff37f7fc0,0c67f223-00bc-7ae4-f408-7e5114428ba6,2,exit,challenges,"The sculpting code app is well structured, but I am not sure how it s",2026-08-02 15:03:50.753+00
43400760-7871-418c-b768-2776a78ea135,b2276154-9082-b9d5-34fd-c8c0006f10f2,2,task1,learnt,How to create images and basic shapes using code and how to use a third-party software to ,2026-08-02 12:01:39.669+00
4340379f-2123-482f-88e2-9a2655031838,c3f22102-00d9-5f36-79b7-267eee5f1f0a,1,exit,confidence_arduino,4,2026-08-02 11:07:59.452+00
434c41de-04df-444b-84f0-298ab754936e,dd32a375-a1f4-cfb5-1eb3-51f0ef6afd91,2,task1,learnt,basic code structure in processing. how to make a bas,2026-08-02 12:01:26.808+00
437a4288-1220-43ae-8e6a-2c93f412347c,0c67f223-00bc-7ae4-f408-7e5114428ba6,2,task1,learnt,"I familiarised myself with basic functions in processing and how sequencing of code and placing it within void setup or draw can impact the visual. I also worked with sculpting app; it is a useful app, but I am not sure how ",2026-08-02 12:04:17.331+00
43829991-f4a6-4f2b-8153-7a7a3a8a3a27,3f73833c-ad7d-c3b6-b375-383e7eae4e29,2,task5,learnt,"assigning sounds to visuals, controlling both or eit",2026-08-02 15:01:31.028+00
43d08b72-ef4d-4fe4-bbf9-a1ba13146f03,a85b7bff-098d-7182-6dd1-f509e1c4a3be,2,task1,learnt,basics ,2026-08-02 12:01:43.734+00
43ee794b-af45-4592-aef7-6cb31f23fa52,3f73833c-ad7d-c3b6-b375-383e7eae4e29,2,task1,learnt,"creating shapes in Processing, using",2026-08-02 12:02:04.118+00
43ff70f0-ade3-438e-9bba-1276b6351abb,0c67f223-00bc-7ae4-f408-7e5114428ba6,1,pre,confidence_troubleshoot_code,4,2026-08-01 11:21:01.575+00
444bcae7-049e-4040-a9fa-5532383a477e,1142f088-0475-5367-98e0-aad6a178c561,2,task5,learnt,I learned how to change the sounds and make visuals and sound react to the dial. I learned how to ,2026-08-02 14:55:09.245+00
448016e4-172b-4a93-b7f4-9b2cc433d967,c3f22102-00d9-5f36-79b7-267eee5f1f0a,1,pre,confidence_arduino,4,2026-08-01 11:19:39.757+00
44941765-964f-4b70-8acb-504b3af569c1,0c67f223-00bc-7ae4-f408-7e5114428ba6,2,task3,learnt,"Learned to modify input control and graphic, but mainly through changing numbers between brackets and looking up information in ",2026-08-02 13:50:58.558+00
449a76d5-5e27-4ade-8b08-e07af7034b0b,96917aa5-e2a8-dae4-3b0f-70179ab41e8d,1,task2,learnt,I learned hiw,2026-08-01 13:04:36.753+00
44ac2e80-6a2c-4989-8d96-1bcac54ddccd,48a390b2-f05b-58e0-01c4-88992742c5d5,2,task3,learnt,Using different coding to manil,2026-08-02 13:31:20.966+00
451c0b70-9032-46b3-846a-aa6f12c7ee9b,b2276154-9082-b9d5-34fd-c8c0006f10f2,1,exit,worked_well,,2026-08-01 14:52:59.675+00
4531d8c3-082b-4b9d-9564-b9c9508fe921,fec64d1a-b0df-59db-b5b0-a8576f4a2ac1,2,exit,ease,1,2026-08-02 15:02:11.317+00
4540ce0d-0b29-46cd-bcca-e39ddbc4e766,fec64d1a-b0df-59db-b5b0-a8576f4a2ac1,2,task2,learnt,Learned how to connect Arduino to Processing and control the parameters of ,2026-08-02 13:06:57.965+00
45553077-723b-48b6-800d-16ce6c9c032e,dd32a375-a1f4-cfb5-1eb3-51f0ef6afd91,2,task2,learnt,creating a,2026-08-02 13:06:39.578+00
459061b1-c04d-4749-b1a9-7225435a3c44,dd32a375-a1f4-cfb5-1eb3-51f0ef6afd91,2,task1,learnt,basic code structure in ,2026-08-02 12:01:18.209+00
45abbea2-604d-45a5-9024-98609fcb7c12,0c67f223-00bc-7ae4-f408-7e5114428ba6,2,task1,learnt,Us,2026-08-02 12:01:55.832+00
45cd95dc-a599-42d8-8e51-55ea9e9d48f1,0c67f223-00bc-7ae4-f408-7e5114428ba6,2,task4,learnt,I was not able to put this task into practice as I did not have sound files and had to download them,2026-08-02 14:39:02.921+00
45f56167-b535-428d-9a96-fe5f6a369f70,3f73833c-ad7d-c3b6-b375-383e7eae4e29,1,exit,improve,having the same numbers on it as the arduino underneath,2026-08-02 11:08:10.903+00
4630398f-f454-41e8-a402-f13de96af8a0,5b6c5fa9-29f7-4e44-bb90-a2979152873f,1,task1,understood,2,2026-07-26 19:41:34.178+00
46412361-1178-4b4c-a40d-54e531b1fd14,dd32a375-a1f4-cfb5-1eb3-51f0ef6afd91,2,task2,learnt,setting up the arduino to be controlled by our program in processing. we needed to download a specific library in both the arduino environment and processing. we found how to make sure that processing co,2026-08-02 13:07:56.602+00
4652ccd9-d214-4c55-9e57-4bf6a0c34f08,3f73833c-ad7d-c3b6-b375-383e7eae4e29,2,task4,learnt,how to import audio into sketch and how the,2026-08-02 14:38:52.183+00
46eff503-513d-405b-a474-d5edf4bda3a4,fec64d1a-b0df-59db-b5b0-a8576f4a2ac1,2,exit,challenges,It di,2026-08-02 15:02:15.55+00
47139e01-0448-4c89-b5ca-0d8c0772a8ce,3f73833c-ad7d-c3b6-b375-383e7eae4e29,2,task4,learnt,how to import audio into sketch and how the manual dial can affect different elements. assigning multiple sounds to the one dial using ranges wa,2026-08-02 14:39:10.728+00
47202132-b8a7-4c46-8f5f-05b685391769,3f73833c-ad7d-c3b6-b375-383e7eae4e29,1,exit,challenges,it obscured all the numbers on the arduino which made navigating that a wee bit harder,2026-08-02 11:08:10.903+00
47592033-25c6-4177-91d2-1a289dfc9637,70d65ebf-28eb-e1e2-ec23-8e8a381f2f32,1,task1,learnt,this is a test ignore the answer and the UUID . writing a long paragraph to test the methods and see if i can recover them at a later date.,2026-08-02 08:03:37.164+00
4776d88c-758b-428c-b3f0-27e571164004,0c67f223-00bc-7ae4-f408-7e5114428ba6,2,task2,learnt,I learned ,2026-08-02 13:07:06.563+00
48240d55-e4e4-45e0-af28-8713f3758194,0c67f223-00bc-7ae4-f408-7e5114428ba6,2,task2,learnt,I learned to access and upload libraries a,2026-08-02 13:07:56.404+00
482a7185-d8c7-46f6-a151-09537af95162,c3f22102-00d9-5f36-79b7-267eee5f1f0a,2,task2,learnt,I learned how to use the firmata library on the Arduino to work as an input into Processing. It was simpler than I expected.,2026-08-02 13:07:21.475+00
483e3bb9-6196-44be-b56d-21cd05980ebc,3f73833c-ad7d-c3b6-b375-383e7eae4e29,1,exit,confidence_arduino,3,2026-08-01 14:26:40.79+00
4873d95f-4c80-436b-a7a3-0abfe5d63efc,3f73833c-ad7d-c3b6-b375-383e7eae4e29,2,task5,learnt,"assigning sounds to visuals, cont",2026-08-02 15:01:26.34+00
489d88f2-7a5e-40cc-a367-5329a71cc031,a85b7bff-098d-7182-6dd1-f509e1c4a3be,1,pre,confidence_arduino,2,2026-08-02 11:08:43.208+00
48b60ec9-7f80-4723-861c-b6dd1dee9abb,b2276154-9082-b9d5-34fd-c8c0006f10f2,2,exit,confidence_circuits,4,2026-08-02 15:02:33.372+00
48fcca70-16c7-48fb-ab92-cd436ba80437,0c67f223-00bc-7ae4-f408-7e5114428ba6,2,task1,learnt,"I familiarised myself with basic functions in processing and how sequencing of code and placing it within void setup or draw can impact the visual. I also worked with sculpting app; it is a useful app, but I am not sure how interact ",2026-08-02 12:04:20.999+00
490ad5cc-4ab7-4163-9915-c1b8e65374cc,c3f22102-00d9-5f36-79b7-267eee5f1f0a,2,task3,learnt,It was good to try out different ways of playing with size and shape using the arduino as an input. I'l,2026-08-02 13:33:41.078+00
496ec16b-831e-4d82-8698-db24a9ffcbd0,3f73833c-ad7d-c3b6-b375-383e7eae4e29,2,task1,learnt,"creating shapes in Processing, using track pad to control these and then ha",2026-08-02 12:02:15.556+00
49c12c03-fc9f-4533-b89c-61f1be1a9ca7,0c67f223-00bc-7ae4-f408-7e5114428ba6,2,task2,learnt,I learned to access and upload libraries on Arduino and Processing. Setting up both hardware and software is not complicated but not straightforward either. ,2026-08-02 13:08:47.012+00
49e6a01d-a56d-4bb0-b77b-7ada338ad2b8,0c67f223-00bc-7ae4-f408-7e5114428ba6,2,task4,learnt,,2026-08-02 14:37:17.951+00
4a433479-3827-4a42-8652-b01891577bdc,70d65ebf-28eb-e1e2-ec23-8e8a381f2f32,1,pre,confidence_troubleshoot_code,3,2026-08-02 11:07:47.058+00
4a61e9e7-4de8-4813-ae80-68c639467577,70d65ebf-28eb-e1e2-ec23-8e8a381f2f32,1,pre,confidence_processing,2,2026-08-02 08:03:01.531+00
4a95eba0-0a20-4a62-ab39-a7f813832285,c3f22102-00d9-5f36-79b7-267eee5f1f0a,2,task1,learnt,"I used Processing for the first time, it was easy to get started and move beyond the ",2026-08-02 12:01:30.319+00
4aa83358-c81b-44ca-8cbe-f31e222f9e47,0c67f223-00bc-7ae4-f408-7e5114428ba6,2,task4,learnt,I was not able to put this task into practice as I did not have sound files and had to download them. Providing sound ,2026-08-02 14:39:21.761+00
4abe86b7-49a9-4e39-b90e-a5c1b723d0a8,331e64a9-20ea-b8b6-0cf8-34a07c2ab075,1,exit,worked_well,"N/A, didn't use shield",2026-08-01 14:25:00.161+00
4ad1176d-f9a3-4d8b-8282-9b6ef890ffb9,48a390b2-f05b-58e0-01c4-88992742c5d5,2,exit,challenges,Unsure how to move ,2026-08-02 15:01:43.046+00
4adcf97f-7e92-430f-bbe4-b278c32b7a43,dd32a375-a1f4-cfb5-1eb3-51f0ef6afd91,2,exit,challenges,i think it would be good to have a little animation that runs to give confirmation to know when it is processing ,2026-08-02 15:03:25.196+00
4ae92ce7-739a-4ad9-b3da-8e94f7554931,aebaf27f-3b1e-d8ea-38c0-1f9f35f1be1b,2,task2,learnt,"Difference between float and int (probably from task 1), connecting Arduino, remembering to bound the range of the potent",2026-08-02 13:07:21.083+00
4b3d3a11-7781-4543-aaac-cafc15210602,b2276154-9082-b9d5-34fd-c8c0006f10f2,2,exit,challenges,Non,2026-08-02 15:01:37.341+00
4b50b163-b407-4a03-8e34-7deed852557a,fec64d1a-b0df-59db-b5b0-a8576f4a2ac1,2,task1,learnt,"Create primitive shapes, position and fill them.",2026-08-02 12:01:48.717+00
4b5c79a4-1146-4687-8b1d-6bd26cc70fd7,dd32a375-a1f4-cfb5-1eb3-51f0ef6afd91,1,task3,learnt,taking ,2026-08-01 14:23:57.982+00
4be9a19b-77d8-4d10-a49b-a81ac0834a7b,c3f22102-00d9-5f36-79b7-267eee5f1f0a,1,pre,confidence_arduino,3,2026-08-02 11:07:59.452+00
4bf8a4da-d9b2-4aad-a9ed-23703d0056dd,c3f22102-00d9-5f36-79b7-267eee5f1f0a,1,exit,challenges,My shield battery ran flat,2026-08-01 14:25:29.838+00
4c345ce3-fafa-423a-aa21-c3a7add2fedb,0c67f223-00bc-7ae4-f408-7e5114428ba6,2,task1,learnt,I familiarised myself with basic functions in processing and how sequencing of code and placing it within void setup or draw can impact the visual. I also worked with sculpting app; it is a useful app but am,2026-08-02 12:04:07.377+00
4c79b541-9597-4688-a9a7-fc7b09216293,0c67f223-00bc-7ae4-f408-7e5114428ba6,1,exit,ease,5,2026-08-01 14:54:44.072+00
4d10c3f0-d132-4f9c-ac32-fd359a590e1b,aebaf27f-3b1e-d8ea-38c0-1f9f35f1be1b,2,task1,learnt,"How to translate shapes and colours into code using processing, language is adaptable, how to use the m",2026-08-02 12:02:00.487+00
4dc9833b-39f2-4ef9-9336-578036630ec8,dd32a375-a1f4-cfb5-1eb3-51f0ef6afd91,2,task2,learnt,setting up the arduino to be controlled by our program in processing. we needed to download a specific library in both the arduino environment and processing. we found how to make sure that processing could see and accept input from the arduino. we used a program in processing to accept input from the knob connected to the arduino to ,2026-08-02 13:09:11.398+00
4de19e20-3252-47c6-8313-bb46a490eb51,70d65ebf-28eb-e1e2-ec23-8e8a381f2f32,2,task1,understood,2,2026-08-02 11:07:47.058+00
4e24221f-bc38-49a6-8ca7-e67e0d3adb95,c3f22102-00d9-5f36-79b7-267eee5f1f0a,2,task1,learnt,"I used Processing for the first time, it was easy to get started ",2026-08-02 12:01:28.301+00
4e7b3b7b-4361-424c-99e2-4497ba46a714,0c67f223-00bc-7ae4-f408-7e5114428ba6,2,exit,challenges,"The sculpting code app is well structured, but it ",2026-08-02 15:03:35.092+00
4e983d95-275f-42cf-8a09-610b081de19b,48a390b2-f05b-58e0-01c4-88992742c5d5,1,pre,confidence_processing,1,2026-08-01 11:20:07.12+00
4eba8929-8450-4c78-b6ca-706f13458599,3f73833c-ad7d-c3b6-b375-383e7eae4e29,2,task1,learnt,"creating shapes in Processing, using mous",2026-08-02 12:01:58.209+00
4ef5c88a-22f0-4ba9-a8cf-b8d019bf892f,b2276154-9082-b9d5-34fd-c8c0006f10f2,2,task1,learnt,How to create images and basic shapes using code and how to use a third-pa,2026-08-02 12:01:33.963+00
4f1597ce-67fa-4d75-9574-b591edf4321d,b2276154-9082-b9d5-34fd-c8c0006f10f2,2,task2,learnt,Figured out how to incorporate arduino and processing by ensuring that the relevant libraries are installed so that the programs can speak to each other. This has been furt,2026-08-02 13:07:14.126+00
4f627219-4552-435a-bc2c-bbdd795e85e4,a85b7bff-098d-7182-6dd1-f509e1c4a3be,1,task3,understood,3,2026-08-01 14:24:03.146+00
4fa36371-8b5a-43ae-b959-7fdb8450ca23,dd32a375-a1f4-cfb5-1eb3-51f0ef6afd91,1,exit,confidence_troubleshoot_code,5,2026-08-01 14:27:59.207+00
4fae2eae-51db-4b32-ae72-2f5edb9ae3e2,1142f088-0475-5367-98e0-aad6a178c561,2,task2,learnt,How to connect arduino t,2026-08-02 13:11:02.367+00
4fafcc9f-d108-4ba5-993f-8bfce022fbc3,aebaf27f-3b1e-d8ea-38c0-1f9f35f1be1b,2,exit,challenges,"Not any really, bit of a lag with the wifi but fai",2026-08-02 15:02:14.241+00
4fd17cda-5be5-458f-aef6-3422dd45a98c,dd32a375-a1f4-cfb5-1eb3-51f0ef6afd91,1,exit,worked_well,having the l,2026-08-01 14:26:05.723+00
4fd19b0f-f8a1-4861-b7de-3f396259cdf1,c3f22102-00d9-5f36-79b7-267eee5f1f0a,2,task4,understood,4,2026-08-02 14:38:17.595+00
4fe20cc2-6b4b-47fb-b6d1-95cb03c78b97,fec64d1a-b0df-59db-b5b0-a8576f4a2ac1,2,task2,learnt,Learned how to connect Arduino to Processing and control the parameters ,2026-08-02 13:06:56.014+00
4ff9f9f3-44ee-4ea3-b72b-0c81b009cdd9,b2276154-9082-b9d5-34fd-c8c0006f10f2,2,task4,learnt,How to integrate audio files into the processing environment and begin adjusting and manipulating these files using,2026-08-02 14:37:49.85+00
4ffb58a1-c72e-4eb0-a7ed-4a38b781e38f,b08cbec8-5361-79aa-b266-abaa03aa0a97,1,exit,confidence_circuits,5,2026-08-02 11:08:40.391+00
500066d1-defa-4455-83d6-9073aefc8cff,48a390b2-f05b-58e0-01c4-88992742c5d5,2,task2,learnt,Learned how to control graphics using Arduino in collaboratoin with Processingnect Arduino to p,2026-08-02 13:08:29.949+00
504dc682-64bb-43e7-ae95-c8af6d61d721,70d65ebf-28eb-e1e2-ec23-8e8a381f2f32,1,pre,confidence_arduino,2,2026-08-02 08:03:02.028+00
50635be8-02e5-473c-8943-f7a7432ed04a,aebaf27f-3b1e-d8ea-38c0-1f9f35f1be1b,2,task4,learnt,"Integrating audio into processing controlled by the potentiometer, I think I",2026-08-02 14:38:29.231+00
5078f809-5197-437c-81e8-98f8f5348b1d,b2276154-9082-b9d5-34fd-c8c0006f10f2,2,task1,learnt,How to create images and basic shapes using code and how to use a third-party software to help develop ,2026-08-02 12:01:41.648+00
5084bea7-a475-4b9b-9d88-136cec658ff2,aebaf27f-3b1e-d8ea-38c0-1f9f35f1be1b,2,task2,learnt,"Difference between float and int (probably from task 1), connecting Arduino, remembering to bound the range of the potentiometer to ",2026-08-02 13:07:23.791+00
50f4e891-4116-4908-a10c-8d335f23a8ce,48a390b2-f05b-58e0-01c4-88992742c5d5,2,task2,learnt,Learned how to control graphics using a specific Arduino progra in collaboratin with Processing. ,2026-08-02 13:08:55.441+00
510b660b-8ef4-4d7e-b6fd-155b49336c7f,b2276154-9082-b9d5-34fd-c8c0006f10f2,2,task2,learnt,Figured out how to incorporate arduino and processing by ensuring that the relevant libraries are installed so that the programs can speak to each other. This has been implement,2026-08-02 13:07:10.892+00
5120bb5c-e385-44da-9104-d13d080697f5,331e64a9-20ea-b8b6-0cf8-34a07c2ab075,2,task3,learnt,controlling,2026-08-02 13:22:06.457+00
512f3a74-20b3-484d-9f7c-1374029818b4,0c67f223-00bc-7ae4-f408-7e5114428ba6,2,task4,learnt,"I was not able to put this task into practice as I did not have sound files and had to download them, which took",2026-08-02 14:39:10.527+00
5187dcd0-2b0e-4681-8cd1-9585d5c9e8fa,b08cbec8-5361-79aa-b266-abaa03aa0a97,1,task3,learnt,,2026-08-01 14:23:47.912+00
51980948-45f4-4667-b30b-8bcd216bc86c,0c67f223-00bc-7ae4-f408-7e5114428ba6,2,exit,confidence_troubleshoot_code,3,2026-08-02 15:06:01.199+00
519a3d7c-5a0b-44c2-b900-d596b422f2fe,aebaf27f-3b1e-d8ea-38c0-1f9f35f1be1b,2,task1,learnt,"How to translate shapes and colours into code using processing, language is adaptable, how to use the mouse as an ",2026-08-02 12:02:03.962+00
51b0d593-18fc-4238-946b-a0bbe8b561f2,b08cbec8-5361-79aa-b266-abaa03aa0a97,1,task2,understood,5,2026-08-01 13:02:38.321+00
51bd4263-5955-4638-bbcc-08be88c2940c,1142f088-0475-5367-98e0-aad6a178c561,2,task2,learnt,How to connect arduino to processing and use the dial to affect the size and colour of the cir,2026-08-02 13:11:23.057+00
51d0b979-9568-4670-b4fd-d030d8c81e85,48a390b2-f05b-58e0-01c4-88992742c5d5,2,task5,learnt,Understanding how to combine audio ,2026-08-02 15:01:10.127+00
51d941ca-eccc-42d3-985f-8fb397dcecb6,aebaf27f-3b1e-d8ea-38c0-1f9f35f1be1b,2,task1,learnt,"How to translate shapes and colours into code using processing, language is adaptable, ",2026-08-02 12:01:58.37+00
5216bf0f-37bf-4df7-b28b-a084ef07d320,0c67f223-00bc-7ae4-f408-7e5114428ba6,2,task4,learnt,I was not able to put this task into practice as I did not have sound files and had to download them. ,2026-08-02 14:39:16.629+00
523c8f19-a30b-45fa-82e0-11964388773a,3f73833c-ad7d-c3b6-b375-383e7eae4e29,2,task4,learnt,how to import audio into ske,2026-08-02 14:38:49.639+00
524009ff-157c-4d19-ba1c-abf582196e0a,0c67f223-00bc-7ae4-f408-7e5114428ba6,2,task5,learnt,I learned how to mix sound and visuals. I have not yet been able to use ,2026-08-02 15:02:30.84+00
5247b32b-7679-447b-a8e3-0f270bd911e5,dd32a375-a1f4-cfb5-1eb3-51f0ef6afd91,2,task2,learnt,setting up the arduino to be controlled by our program in processing. we needed to download a specific library in both ,2026-08-02 13:07:30.892+00
524e10fd-7da6-4cc7-823e-9013e8e6d1d2,fec64d1a-b0df-59db-b5b0-a8576f4a2ac1,2,exit,challenges,It didn't work with private browsing as it didn't recognise me as a human.,2026-08-02 15:02:39.679+00
52604a89-e974-4054-a93f-ffd2712cda45,0c67f223-00bc-7ae4-f408-7e5114428ba6,2,task4,learnt,I was not able to put this task into practice as I did not have a a ,2026-08-02 14:38:52.719+00
526a33f4-7fa8-4be3-ac3d-cfa424b85ca1,0c67f223-00bc-7ae4-f408-7e5114428ba6,2,task1,learnt,"I familiarised myself with basic functions in processing and how sequencing of code and placing it within void setup or draw can impact the visual. I also worked with sculpting app; it is a useful app, but I am not sure how interact with it to adapt the visual. Should I use the ",2026-08-02 12:04:48.282+00
529031c0-9c40-48c0-a736-8ddc56007964,023022a1-c3b8-b4c3-fc00-2b08c8249760,1,task1,learnt,TASK ONE text about potentiometers and analogRead values.,2026-08-02 08:12:22.886+00
529aa66b-44e5-4236-ae99-1ceb90a25986,b2276154-9082-b9d5-34fd-c8c0006f10f2,2,task1,learnt,How to create images and basic shapes using ,2026-08-02 12:01:17.536+00
52e77669-4059-4517-b880-8014736e8599,0c67f223-00bc-7ae4-f408-7e5114428ba6,1,pre,confidence_troubleshoot_code,4,2026-08-02 11:08:26.1+00
5301af29-72d3-46fa-8586-82497e2fe5ce,b2276154-9082-b9d5-34fd-c8c0006f10f2,2,task1,learnt,How to create images and basic shapes using code and where to ,2026-08-02 12:01:24.629+00
532b12e6-047a-4e1b-8cd9-faea2d8216cf,48a390b2-f05b-58e0-01c4-88992742c5d5,2,exit,worked_well,The creator tool and decriptio of the code is excellent and is a very good visual description,2026-08-02 15:02:22.826+00
534d0790-5d0a-47da-92fc-649896ad94a8,dd32a375-a1f4-cfb5-1eb3-51f0ef6afd91,2,task4,learnt,how to import wav files into processing. how to play ,2026-08-02 14:37:40.574+00
5367ad94-decd-436c-aa86-983d22fb3112,a85b7bff-098d-7182-6dd1-f509e1c4a3be,1,pre,confidence_troubleshoot_circuits,1,2026-08-02 11:08:43.208+00
5373356e-ea06-403c-b6dd-3dc34add711f,b08cbec8-5361-79aa-b266-abaa03aa0a97,1,task3,learnt,"Further understanding of practical issues with EM noise
range mapping
practical application of analogRead()",2026-08-02 11:08:40.392+00
53804cc8-35d6-4cad-9ae3-46eecfc39dd2,b2276154-9082-b9d5-34fd-c8c0006f10f2,2,task1,learnt,How to create images and basic shapes using code,2026-08-02 12:01:18.303+00
53ec2032-2d77-464d-b638-a95b2b72d3dc,0c67f223-00bc-7ae4-f408-7e5114428ba6,1,exit,confidence_arduino,4,2026-08-01 14:56:57.408+00
53ef7f5d-c2fb-4cc2-9566-ec1e1b0fe2c1,70d65ebf-28eb-e1e2-ec23-8e8a381f2f32,1,task2,learnt,jjadfjfadljfdadfkldflndfnflnflNFlknfdKNLFlknfklnfklfklxlkK,2026-08-02 11:07:47.058+00
5402d690-9421-4a63-a518-b65e6711a863,dd32a375-a1f4-cfb5-1eb3-51f0ef6afd91,2,exit,worked_well,it really worked much better than expected in interpreting images.,2026-08-02 15:04:37.01+00
5454ff96-f46f-47eb-9944-bca6f4da301f,dd32a375-a1f4-cfb5-1eb3-51f0ef6afd91,2,exit,improve,i ,2026-08-02 15:04:46.687+00
54821f09-e384-4e26-b5ec-eb8774186299,3f73833c-ad7d-c3b6-b375-383e7eae4e29,2,exit,challenges,"Wifi was a bit of a challenge, as was not having enough sounds already on my laptop. Some co",2026-08-02 15:03:00.41+00
548b092a-f906-4a64-a58c-ff4da4b22d8d,3f73833c-ad7d-c3b6-b375-383e7eae4e29,2,task5,learnt,assi,2026-08-02 15:01:18.192+00
548d7281-2fbe-4f91-9280-3744904f7ff8,0c67f223-00bc-7ae4-f408-7e5114428ba6,1,exit,confidence_troubleshoot_code,4,2026-08-02 11:08:26.099+00
54bf3cdf-6907-4e51-bd27-40c8382de01c,fec64d1a-b0df-59db-b5b0-a8576f4a2ac1,2,task1,learnt,Create shapes and position and fill them.,2026-08-02 12:01:30.444+00
54c920ab-c832-4faa-b2b1-f478672903f7,dd32a375-a1f4-cfb5-1eb3-51f0ef6afd91,1,task3,understood,5,2026-08-01 14:23:37.113+00
55056dea-9040-4406-aa6a-5c3e0a5439d1,0c67f223-00bc-7ae4-f408-7e5114428ba6,2,task3,learnt,"Learned to modify input control and graphic, but mainly through using graphic and ",2026-08-02 13:50:31.291+00
551ad52d-9287-4578-9bb0-48296d6178cf,331e64a9-20ea-b8b6-0cf8-34a07c2ab075,1,pre,confidence_troubleshoot_circuits,1,2026-08-02 11:09:37.008+00
55607b76-f801-4d4a-8629-4a4edf9b7ffe,3f73833c-ad7d-c3b6-b375-383e7eae4e29,1,pre,done_physical_computing,yes,2026-08-02 11:08:10.903+00
55755390-f9f2-4687-92a6-f134f5ade5cf,a85b7bff-098d-7182-6dd1-f509e1c4a3be,1,exit,ease,3,2026-08-01 14:24:38.629+00
56123d19-3d9a-4ebf-a6e9-86ebb3b0a8b5,aebaf27f-3b1e-d8ea-38c0-1f9f35f1be1b,2,task2,learnt,"Difference between float and int (probably from task 1), connecting Arduino",2026-08-02 13:06:50.521+00
5646ca0f-83ca-4160-a47b-546ec4e1c019,fec64d1a-b0df-59db-b5b0-a8576f4a2ac1,2,task2,learnt,Learned how to connect Arduino to processing,2026-08-02 13:06:21.326+00
56976474-cd2a-4d0d-8f60-a3cfa991ae2d,1142f088-0475-5367-98e0-aad6a178c561,2,task2,learnt,How to connect arduino to processing and use the dial to affect the size and colour of the circle. Also I ,2026-08-02 13:11:27.411+00
56e00897-301b-46b1-8664-8c314d268ce2,3f73833c-ad7d-c3b6-b375-383e7eae4e29,2,task5,learnt,"assigning sounds to visuals, controlling both or either with manual dial, exploring looping through sounds until the assigned ",2026-08-02 15:02:11.593+00
570ebc70-10a8-4c70-938b-4b5d89c1a7b6,48a390b2-f05b-58e0-01c4-88992742c5d5,1,pre,confidence_arduino,2,2026-08-02 12:05:30.843+00
575acccf-0114-4a48-8277-1aab416956db,0c67f223-00bc-7ae4-f408-7e5114428ba6,2,task2,learnt,I learned to download and use libraries ,2026-08-02 13:07:40.695+00
5792831f-eabf-4c5c-b272-8928cfc910fc,aebaf27f-3b1e-d8ea-38c0-1f9f35f1be1b,2,task5,learnt,"Combining audio and visual together, made me think about additional parameters and sound ",2026-08-02 15:01:36.635+00
57970481-6a36-4a8b-bc3d-0eead5a90883,b08cbec8-5361-79aa-b266-abaa03aa0a97,1,pre,confidence_arduino,4,2026-08-02 11:08:40.391+00
57b1904a-3c6c-4b81-9103-6013c8ad78ce,0c67f223-00bc-7ae4-f408-7e5114428ba6,1,pre,confidence_circuits,2,2026-08-02 11:08:26.1+00
58047b8b-2f4d-4117-ac1e-e804a4151824,aebaf27f-3b1e-d8ea-38c0-1f9f35f1be1b,2,task5,learnt,"Combining audio and visual together, made me think about additional parameters and sound choices more ",2026-08-02 15:01:39.973+00
580b0b7b-3c1b-4b37-82ff-3ab555ee8661,b2276154-9082-b9d5-34fd-c8c0006f10f2,2,task1,understood,4,2026-08-02 12:01:06.549+00
585c798c-065a-4c36-b28c-746a4130f7ff,3f73833c-ad7d-c3b6-b375-383e7eae4e29,2,task4,learnt,how to import audio into sketch and how the manual dial can affect different elements. assigning multiple sounds to the one dial using ranges was in,2026-08-02 14:39:11.505+00
586a96ef-019a-4bb6-a0a9-d1eb45fdeb85,c3f22102-00d9-5f36-79b7-267eee5f1f0a,1,pre,confidence_processing,2,2026-08-02 11:07:59.452+00
58bd93b5-94db-4a81-974f-0b4ed39ebf63,fec64d1a-b0df-59db-b5b0-a8576f4a2ac1,2,task4,learnt,How to import and control audio from ,2026-08-02 15:01:26.289+00
58c6802f-c1ec-4dde-a6ee-b741920446de,0c67f223-00bc-7ae4-f408-7e5114428ba6,2,task2,learnt,I learned to access and upload libraries on Arduino and Processing. Setting up both hardware and software is not complicated but not straightforward either. It is great to use a physical input to change the graphic through the example of the potentiometer. ,2026-08-02 13:09:28.211+00
58dcedfe-9fbe-4d26-b398-5ff5935d3405,fa81bca3-a30c-be64-b71d-df2a1287f8d5,1,task2,understood,5,2026-08-01 13:05:00.471+00
58f46f81-d24f-4147-94af-5c31c1de79a4,48a390b2-f05b-58e0-01c4-88992742c5d5,2,exit,challenges,Unsure how to transfer code between ,2026-08-02 15:01:51.468+00
590cbda6-fd2c-4d40-bdd8-0bc9f5747ee6,3f73833c-ad7d-c3b6-b375-383e7eae4e29,2,task2,learnt,how to connect Arduino with Processing. I don't feel I necessarily understand this other than copying and pasting but I guess the point was jut to make them talk to eachother and I don't know enough coding to have done that manually so ,2026-08-02 13:08:37.245+00
59207815-0249-423f-a788-5db71a70fa29,0c67f223-00bc-7ae4-f408-7e5114428ba6,1,pre,done_creative_coding,no,2026-08-02 15:06:17.42+00
592a5796-6391-4c83-9a9c-ce18ba338898,aebaf27f-3b1e-d8ea-38c0-1f9f35f1be1b,2,task1,learnt,How to translate ,2026-08-02 12:01:42.21+00
596ed0b3-b24a-4e3f-9887-4a26cb2b3599,3f73833c-ad7d-c3b6-b375-383e7eae4e29,1,exit,challenges,it obscured all the numbers on the arduino which made navigating the ,2026-08-01 14:25:08.586+00
59abfcd1-aeda-46fc-91fa-836d6e7efa93,fec64d1a-b0df-59db-b5b0-a8576f4a2ac1,2,task1,learnt,Create shapes and positi,2026-08-02 12:01:25.575+00
59ef596e-325f-4213-b45b-883b22304747,0c67f223-00bc-7ae4-f408-7e5114428ba6,2,task1,learnt,"I familiarised myself with basic functions in processing and how sequencing of code and placing it within void setup or draw can impact the visual. I also worked with sculpting app; it is a useful app, but I am not sure how interact with it to adapt the visual. Should I use the prompt or change the code",2026-08-02 12:05:06.563+00
59f561b5-6ab2-42ba-a63a-c71e4e2aaedc,c3f22102-00d9-5f36-79b7-267eee5f1f0a,2,task1,learnt,"I used Processing for the first time, it was easy to get s",2026-08-02 12:01:27.401+00
5a253152-1575-407e-85e4-ee3df0333dff,b2276154-9082-b9d5-34fd-c8c0006f10f2,2,task4,learnt,How to integrate audio files into the processing environment and begin adjusting and manipulating these files using the dial or other code.,2026-08-02 14:37:58.824+00
5a7e6cb8-d2e8-4482-b1d8-8bce63f3ea9d,dd32a375-a1f4-cfb5-1eb3-51f0ef6afd91,2,task5,understood,5,2026-08-02 15:01:38.536+00
5a8c0fed-e37b-4bba-983c-d83b5dba170a,b2276154-9082-b9d5-34fd-c8c0006f10f2,1,pre,confidence_troubleshoot_circuits,1,2026-08-01 11:20:27.084+00
5aa6e442-c07d-4259-ab93-714b10b696c6,aebaf27f-3b1e-d8ea-38c0-1f9f35f1be1b,2,task1,learnt,How to translate the ,2026-08-02 12:01:40.872+00
5aa7b5fa-be57-43de-84b0-6ab34558d04c,3f73833c-ad7d-c3b6-b375-383e7eae4e29,2,task4,learnt,how to import audio into sketch and how the manual dial can affect d,2026-08-02 14:38:56.1+00
5aac5a45-8608-4f27-b897-55a1bd9981d8,331e64a9-20ea-b8b6-0cf8-34a07c2ab075,2,task3,learnt,controlling how an image changes ,2026-08-02 13:22:11.55+00
5aefacaa-105d-47d3-9080-de8618081c49,a85b7bff-098d-7182-6dd1-f509e1c4a3be,1,task3,learnt,How to ,2026-08-01 14:24:11.855+00
5b0aaa89-6590-4a07-8829-9cedfaacba51,0c67f223-00bc-7ae4-f408-7e5114428ba6,1,exit,worked_well,All worked,2026-08-01 14:56:15.4+00
5b0be4a1-d973-46ab-a882-8784a6abed8e,3f73833c-ad7d-c3b6-b375-383e7eae4e29,2,task4,learnt,how to import audio into sketch and how the manual dial can affect different eleme,2026-08-02 14:38:58.562+00
5b1335bf-9b75-4200-bfd3-d42bbcb24d8b,0c67f223-00bc-7ae4-f408-7e5114428ba6,2,task5,learnt,"I learned how to mix sound and visuals. I have not yet been able to use different sound files, but ",2026-08-02 15:02:43.169+00
5b61cd0d-9d2c-44cf-aa8d-1d831593cf9e,48a390b2-f05b-58e0-01c4-88992742c5d5,2,exit,worked_well,The creator tool and decription of the code is excellent and is a very good means to see how it avisual description,2026-08-02 15:02:39.25+00
5b77bb26-1ad8-4cd4-9a54-90912e254770,0c67f223-00bc-7ae4-f408-7e5114428ba6,2,task4,learnt,I was not able to put this task into practice as I did not have sound files and had to download them. Providing default sound files would have been helpful. ,2026-08-02 14:39:36.187+00
5b88deef-47a9-4b3f-8fac-24d45d1ce4ca,b2276154-9082-b9d5-34fd-c8c0006f10f2,2,task1,learnt,How to ,2026-08-02 12:01:09.165+00
5b8d67aa-f9d8-451a-93d6-fac83a286a19,dd32a375-a1f4-cfb5-1eb3-51f0ef6afd91,2,task3,learnt,played a bit with the code in processing to see how to affect the output of the draw method.,2026-08-02 13:32:01.347+00
5b93da29-b141-4033-b770-76f3d86b8e08,331e64a9-20ea-b8b6-0cf8-34a07c2ab075,1,exit,confidence_circuits,3,2026-08-02 11:09:37.008+00
5bd7b157-1f63-4040-b135-49c44f6d0f08,3f73833c-ad7d-c3b6-b375-383e7eae4e29,2,exit,worked_well,being able to copy and paste the code into ,2026-08-02 15:04:24.1+00
5bee6341-8bb2-45ea-bbaf-c42e844936c6,1142f088-0475-5367-98e0-aad6a178c561,2,exit,worked_well,Everything. It interpreted all images in a really imaginative and ,2026-08-02 14:56:27.611+00
5bf09f74-8531-405e-b26e-b35c3a7a2ba9,c3f22102-00d9-5f36-79b7-267eee5f1f0a,1,task3,understood,5,2026-08-01 14:23:44.883+00
5bff5e34-8e60-489f-a953-187b7f3cdb52,dd32a375-a1f4-cfb5-1eb3-51f0ef6afd91,2,task2,learnt,setting up the arduino to be controlled by our program in processing. we needed to download a specific library in both the arduino environment and processing. we found how to make sure that processing could see and accept input from the arduino. we used a program in processing to ac,2026-08-02 13:08:49.889+00
5c07da77-8772-4683-aa68-f69b252bcaa5,48a390b2-f05b-58e0-01c4-88992742c5d5,1,task1,learnt,Well laid out intro to ho Ar,2026-08-01 12:30:55.909+00
5c2afb8b-fb4e-4f88-951c-f8618a14e69f,dd32a375-a1f4-cfb5-1eb3-51f0ef6afd91,2,task5,learnt,played with loading new sounds into a new project and assigning control from in,2026-08-02 15:02:10.596+00
5c3b29e3-b31c-4c40-8cf6-9329bf67fe61,c3f22102-00d9-5f36-79b7-267eee5f1f0a,2,task3,learnt,It was good to try out different ways of playing with size and shape using the arduino as an input. ,2026-08-02 13:33:33.177+00
5c3bc60a-8fef-4cc2-8bd9-802eb687ec86,48a390b2-f05b-58e0-01c4-88992742c5d5,2,exit,improve,Being able to merge programs between processing and ,2026-08-02 15:05:52.892+00
5c5febeb-f4fe-41a0-8441-85e341bf6370,96917aa5-e2a8-dae4-3b0f-70179ab41e8d,1,task3,understood,5,2026-08-01 14:25:55.825+00
5cae4e56-d960-4111-8097-9b28c452bc05,3f73833c-ad7d-c3b6-b375-383e7eae4e29,2,task4,learnt,how to import audio into sketch and how the manual dial can affect diffe,2026-08-02 14:38:56.791+00
5cb8ba21-4ed3-4c7c-b568-2cdc68ed9769,a85b7bff-098d-7182-6dd1-f509e1c4a3be,2,task3,learnt,How to link up Arduino and processing,2026-08-02 13:07:25.446+00
5cd8b4b8-11d4-4823-aa3c-0a3bf7ea6b42,a85b7bff-098d-7182-6dd1-f509e1c4a3be,2,task3,learnt,How to ,2026-08-02 13:07:12.677+00
5d1f81c8-dc98-42c0-b704-61130ec658d3,a85b7bff-098d-7182-6dd1-f509e1c4a3be,2,task2,learnt,how to d,2026-08-02 13:06:40.003+00
5d231d84-b31c-4d3f-9b2e-acd6090faadc,c3f22102-00d9-5f36-79b7-267eee5f1f0a,1,exit,ease,4,2026-08-01 14:25:19.236+00
5d60712e-eb65-4a66-844b-12b39491fb06,aebaf27f-3b1e-d8ea-38c0-1f9f35f1be1b,2,task1,learnt,"How to translate shapes and colours into code using processing, language is adaptable, how to use th",2026-08-02 12:02:00.153+00
5d64ab11-bd04-405e-9325-927001224445,1142f088-0475-5367-98e0-aad6a178c561,2,task4,learnt,Learned how to impliment sound. ,2026-08-02 14:37:09.221+00
5d80f5e2-2981-4c4c-82d0-bc2ca9815c9a,aebaf27f-3b1e-d8ea-38c0-1f9f35f1be1b,2,task1,learnt,"How to translate shapes and colours into code using processing, language is adaptable, how to use the mouse as a control",2026-08-02 12:02:07.721+00
5d96e821-6746-4424-9377-7f92b5bc0f6a,0c67f223-00bc-7ae4-f408-7e5114428ba6,2,task3,learnt,"Learned to modify input control and graphic, but mainly through changing numbers between brackets and looking up information in Processing reference guides, not through ",2026-08-02 13:51:19.41+00
5d9d35c3-ecfd-47fe-8741-75e1860cd49a,48a390b2-f05b-58e0-01c4-88992742c5d5,2,exit,confidence_troubleshoot_code,4,2026-08-02 15:06:24.012+00
5dcd9684-c612-443f-9427-0581318b3fd6,c3f22102-00d9-5f36-79b7-267eee5f1f0a,2,exit,confidence_arduino,5,2026-08-02 15:01:55.759+00
5e0a05e6-bf66-4744-b718-5f8999740b23,0c67f223-00bc-7ae4-f408-7e5114428ba6,2,exit,challenges,"The sculpting code app is well structured, but I am not sure how it is supporti",2026-08-02 15:03:52.348+00
5e3815cf-033b-4713-a5fe-a9838ed76c28,fec64d1a-b0df-59db-b5b0-a8576f4a2ac1,2,task2,learnt,Learned how to connect Arduino to ,2026-08-02 13:06:18.498+00
5e44a44d-9258-4340-a2b7-924cd8a32b95,dd32a375-a1f4-cfb5-1eb3-51f0ef6afd91,2,task2,learnt,setting up the arduino to be controlled by our program in processing. we needed to download a specific library in both the arduino environment and processing. we found how to make sure that processing could see and accept input from the arduino. we ,2026-08-02 13:08:38.426+00
5e4c3cab-271f-40cd-b3d2-12afb43962e3,3f73833c-ad7d-c3b6-b375-383e7eae4e29,2,exit,worked_well,"Being able to copy and paste the code into processing, ",2026-08-02 15:04:31.999+00
5e4f5b70-a50e-478b-a62f-36310e32fcd1,48a390b2-f05b-58e0-01c4-88992742c5d5,2,task3,learnt,Using different coding to manilup,2026-08-02 13:31:20.581+00
5e5a9063-0568-4df0-9486-09b60cc1f967,0c67f223-00bc-7ae4-f408-7e5114428ba6,1,exit,ease,5,2026-08-02 15:06:17.42+00
5e5c28be-fd40-412e-94af-2fade2682c48,dd32a375-a1f4-cfb5-1eb3-51f0ef6afd91,1,exit,challenges,,2026-08-01 14:25:41.434+00
5e65709e-2f88-490a-b4ed-a23ddd29fee7,0c67f223-00bc-7ae4-f408-7e5114428ba6,2,task3,learnt,Learned to modify input,2026-08-02 13:50:00.425+00
5e7a962b-3eaa-4113-b6e5-82b6fe017ba5,3f73833c-ad7d-c3b6-b375-383e7eae4e29,2,task4,learnt,how to import audio int,2026-08-02 14:38:48.138+00
5e8fd211-656f-4a46-bb50-6eb051d5971f,48a390b2-f05b-58e0-01c4-88992742c5d5,2,task3,learnt,Using different coding to manil,2026-08-02 13:31:19.465+00
5ea77d76-c98b-4f1b-9c8e-617bbb2f88f8,0c67f223-00bc-7ae4-f408-7e5114428ba6,2,task1,learnt,I familiarised myself with basic functions in processing and how sequencing of code and placing it within void setup or draw can impact the visual. I also worked with sculpting ,2026-08-02 12:03:57.883+00
5eb5962c-f1b3-468b-9061-3f77b5bbd9d4,3f73833c-ad7d-c3b6-b375-383e7eae4e29,1,exit,confidence_arduino,3,2026-08-02 11:08:10.903+00
5ecf8d9b-6375-4f38-937b-509aab3338c1,0c67f223-00bc-7ae4-f408-7e5114428ba6,2,task5,learnt,I learned how to mix sound and visuals. I have not yet ,2026-08-02 15:02:23.355+00
5edeffbf-edfe-4856-8185-ad8a51466abb,b08cbec8-5361-79aa-b266-abaa03aa0a97,1,pre,confidence_troubleshoot_code,5,2026-08-02 11:08:40.392+00
5f3f91d2-070b-4fd0-aeda-c1cbb93b1466,aebaf27f-3b1e-d8ea-38c0-1f9f35f1be1b,2,exit,confidence_troubleshoot_code,2,2026-08-02 15:04:23.096+00
5f4110c4-739f-4048-a28f-450c8163efd8,fec64d1a-b0df-59db-b5b0-a8576f4a2ac1,2,task2,learnt,Learned how to connect arui,2026-08-02 13:06:13.644+00
5f68923e-11b1-4e95-ab53-e1432874fa6b,0c67f223-00bc-7ae4-f408-7e5114428ba6,2,task5,learnt,I learned how to mix sound and visuals,2026-08-02 15:01:40+00
5f901ccd-9a2e-44b4-a04c-8baf5b8d2a17,dd32a375-a1f4-cfb5-1eb3-51f0ef6afd91,1,exit,confidence_troubleshoot_circuits,2,2026-08-02 11:08:38.933+00
5f90236f-2d13-413b-8a2f-30d0af90f806,b2276154-9082-b9d5-34fd-c8c0006f10f2,2,exit,ease,5,2026-08-02 15:01:33.488+00
5f94a714-96c8-43d7-9e96-697ef10a62f6,a85b7bff-098d-7182-6dd1-f509e1c4a3be,1,pre,done_creative_coding,no,2026-08-01 11:20:07.57+00
608c2527-aa41-44d8-aadb-cc7aee5a4f29,3f73833c-ad7d-c3b6-b375-383e7eae4e29,1,task3,understood,5,2026-08-02 11:08:10.903+00
609fa3be-4337-4f88-b683-91300833fba2,3f73833c-ad7d-c3b6-b375-383e7eae4e29,2,task4,learnt,how to import audio into sketch and how the manual dial can affect different elements. assigning multiple sounds to the one dial using ranges was i,2026-08-02 14:39:11.218+00
60ac9035-4bea-4b7a-a90c-5fc1490c4298,70d65ebf-28eb-e1e2-ec23-8e8a381f2f32,1,pre,confidence_troubleshoot_circuits,3,2026-07-31 19:11:02.097+00
60c22808-fa9e-483c-acf7-3eb1183e1462,dd32a375-a1f4-cfb5-1eb3-51f0ef6afd91,2,task2,learnt,setting up the arduino to be controlled by our program in processing. we needed to download a specific library in both the arduino environment and processing. we found how to make sure that processing could see and accept input from the arduino. we used a program in processing to accept input from the knob connected to the arduino to control aspects of the visu,2026-08-02 13:09:18.868+00
60e3f1b5-f8b3-432d-a4c1-c41e92dcee14,dd32a375-a1f4-cfb5-1eb3-51f0ef6afd91,1,task1,understood,5,2026-08-01 12:36:57.946+00
610ad088-1520-4ec8-8777-7d2edfe59146,0c67f223-00bc-7ae4-f408-7e5114428ba6,1,pre,done_physical_computing,yes,2026-08-01 11:20:13.887+00
61649635-1c4c-4540-964b-85b8265a5cc7,5b6c5fa9-29f7-4e44-bb90-a2979152873f,1,task2,stuck2,middle,2026-07-26 19:41:42.631+00
619eed7c-9ecb-4f27-bd72-a15225209dd0,48a390b2-f05b-58e0-01c4-88992742c5d5,1,pre,confidence_troubleshoot_code,2,2026-08-01 11:20:07.12+00
61a7bc74-2a5f-4b51-9b38-2a604d685352,c3f22102-00d9-5f36-79b7-267eee5f1f0a,2,exit,ease,5,2026-08-02 14:59:42.179+00
61ce3589-266d-46a9-a272-68228f173ec7,b2276154-9082-b9d5-34fd-c8c0006f10f2,2,task2,learnt,Figured out how to incorporate arduino and processing by ensuring that the relevant libraries are installed so that the programs can speak to each other. This has been im,2026-08-02 13:07:09.907+00
62095b2c-8a06-473f-8d48-017228dc26c2,1142f088-0475-5367-98e0-aad6a178c561,2,exit,confidence_circuits,4,2026-08-02 15:02:07.19+00
6218dec0-3f05-42ef-9d3c-25944c746be8,0c67f223-00bc-7ae4-f408-7e5114428ba6,2,task2,learnt,I learned to access and upload libraries on Arduino and Processing. Setting up both hardware and software is not complicated but not straightforward either. It is great to use ,2026-08-02 13:09:03.485+00
622a17ba-0952-45c3-8988-a97e11cd3add,aebaf27f-3b1e-d8ea-38c0-1f9f35f1be1b,2,task1,learnt,How ,2026-08-02 12:01:36.217+00
6264f442-b210-4282-b079-6d9bb2d6dcb5,dd32a375-a1f4-cfb5-1eb3-51f0ef6afd91,2,exit,worked_well,it really worked much better than expected in interpreting the,2026-08-02 15:04:31.916+00
627eb4bb-45c8-45da-8d93-495889c3a69b,1142f088-0475-5367-98e0-aad6a178c561,2,task4,learnt,Learned how to implement sound. I learned how to put my audio files in ,2026-08-02 14:37:23.793+00
62a0ea87-f08f-414b-b491-6604db8cba2d,aebaf27f-3b1e-d8ea-38c0-1f9f35f1be1b,2,exit,challenges,"Not any really, bit of a lag with the wifi but fairly intuitive, ",2026-08-02 15:02:23.494+00
62b62334-424b-4c74-bd75-4d99fd51c467,a85b7bff-098d-7182-6dd1-f509e1c4a3be,1,task1,understood,4,2026-08-02 11:08:43.208+00
62c2d6e2-68fd-40d8-83b5-fac9c0be60e7,aebaf27f-3b1e-d8ea-38c0-1f9f35f1be1b,2,task2,learnt,"Difference between float and int (probably from task 1), connecting Ar",2026-08-02 13:06:43.042+00
62f30868-2936-4ed6-95a0-a83cc5b6adec,fec64d1a-b0df-59db-b5b0-a8576f4a2ac1,2,task2,learnt,Learned how to connect Arduino to Processing and control the parameters of objects using the analog output of the board.,2026-08-02 13:07:22.624+00
633d0a06-3fdb-4ce3-b9a1-b2aabd1cc653,48a390b2-f05b-58e0-01c4-88992742c5d5,2,task3,learnt,Using different coding to manipulate images. ,2026-08-02 13:31:28.857+00
635de1d8-6df4-47d0-9018-18e19d13202f,dd32a375-a1f4-cfb5-1eb3-51f0ef6afd91,2,exit,worked_well,it really worked much better than expected in interpreting images. ,2026-08-02 15:04:39.445+00
6373499b-90af-48b8-a300-58ef926ab74d,331e64a9-20ea-b8b6-0cf8-34a07c2ab075,2,task4,learnt,"learned about controlling audio with physical dials, using p",2026-08-02 14:37:31.414+00
637f80b9-f8ea-443f-bf64-6b2ce9215aaa,dd32a375-a1f4-cfb5-1eb3-51f0ef6afd91,2,task5,learnt,played with loading new sounds into a new project and ,2026-08-02 15:01:58.595+00
63b90f1a-eac7-4887-85f3-524db647620d,0c67f223-00bc-7ae4-f408-7e5114428ba6,2,exit,confidence_circuits,3,2026-08-02 15:06:00.132+00
63c6e92e-148d-4277-ba8e-e49c160cbfd9,dd32a375-a1f4-cfb5-1eb3-51f0ef6afd91,2,task1,learnt,basic code structure in processing. how to make a basic image and adjust some attri,2026-08-02 12:01:36.348+00
63e72112-8c1e-4469-a35f-d529c0cb5af9,3f73833c-ad7d-c3b6-b375-383e7eae4e29,2,task1,learnt,creating shapes in Proces,2026-08-02 12:01:52.379+00
6430822b-9a6e-4b09-adab-8937c0fc13ed,c3f22102-00d9-5f36-79b7-267eee5f1f0a,1,pre,confidence_troubleshoot_circuits,4,2026-08-01 11:19:57.364+00
64487c37-6d61-42cc-9910-b9761e0fb31d,dd32a375-a1f4-cfb5-1eb3-51f0ef6afd91,2,task4,learnt,"how to import wav files into processing. how to play sounds and change things like playback rate,  and duration of playback. ",2026-08-02 14:38:17.508+00
64ede253-04ab-4b1b-a800-efffdb1bd1a7,70d65ebf-28eb-e1e2-ec23-8e8a381f2f32,2,task1,learnt,this is a test ignore this entry. checking survey function over tasks and longer entries ,2026-08-02 08:16:05.941+00
65043387-5dcc-49b8-a836-41e287801e69,b2276154-9082-b9d5-34fd-c8c0006f10f2,2,task2,learnt,Figure out how to incorporate more arduino and ,2026-08-02 13:06:21.262+00
651a9d0a-b358-4aa0-a70a-2781d7dfe2c6,331e64a9-20ea-b8b6-0cf8-34a07c2ab075,2,task1,learnt,"The basics as to how to use processing to make simple shapes, as well as getting to grips with h",2026-08-02 12:01:43.868+00
653589b4-a9ae-46bb-82f9-3e8c8acd1784,48a390b2-f05b-58e0-01c4-88992742c5d5,2,exit,improve,Being able to ,2026-08-02 15:05:34.16+00
655188cf-b658-48c0-9097-3c2279751c70,fec64d1a-b0df-59db-b5b0-a8576f4a2ac1,2,task1,learnt,Create ,2026-08-02 12:01:19.321+00
65768c13-4c49-47a5-9c9c-c688d4ebb95c,3f73833c-ad7d-c3b6-b375-383e7eae4e29,1,pre,done_creative_coding,no,2026-08-02 11:07:57.201+00
657ab042-99bb-4c1a-a1a5-98c460d120f5,aebaf27f-3b1e-d8ea-38c0-1f9f35f1be1b,2,exit,worked_well,"As above, I could add sections from this to my own ",2026-08-02 15:03:18.894+00
658b349b-d8d6-4a4a-973b-6321ddfda802,aebaf27f-3b1e-d8ea-38c0-1f9f35f1be1b,2,task5,learnt,Combining audio and ,2026-08-02 15:01:19.455+00
658ba04d-89e4-4cfb-af91-79d99f2da3b3,3f73833c-ad7d-c3b6-b375-383e7eae4e29,2,task5,learnt,"assigning sounds to visuals, contro",2026-08-02 15:01:26.642+00
65b963e2-8b03-46ee-b5f4-191de04bdf27,48a390b2-f05b-58e0-01c4-88992742c5d5,2,task2,learnt,Learned how to control graphics using Arduino a in collaboratoin with Processing. ,2026-08-02 13:08:43.766+00
65bf6343-1da2-4c4b-8686-82e7e3bc92ed,b2276154-9082-b9d5-34fd-c8c0006f10f2,1,task2,understood,4,2026-08-01 13:02:33.151+00
65c345c6-4f4f-4014-b433-69a526f5b897,b2276154-9082-b9d5-34fd-c8c0006f10f2,2,task4,understood,4,2026-08-02 14:37:20.683+00
65cfcdcd-b9a9-418c-a2f3-af021148321a,48a390b2-f05b-58e0-01c4-88992742c5d5,2,task2,learnt,Learned how to control graphics using a sArduino in collaboratoin with Processing. ,2026-08-02 13:08:47.835+00
6663cba8-65d8-4ae5-8eb3-825af5d49d53,48a390b2-f05b-58e0-01c4-88992742c5d5,2,task3,learnt,Using different coding to manipulate images. I found this difficult to translate with different images,2026-08-02 13:32:10.135+00
6678986f-35a7-4c8d-b396-2cd1332cdb88,3f73833c-ad7d-c3b6-b375-383e7eae4e29,1,exit,challenges,it obscured all the numbers on the arduino which made navigating that a wee bit harder,2026-08-02 11:07:57.201+00
6682d048-db6c-41a3-a047-dd6f5ffaf2f0,48a390b2-f05b-58e0-01c4-88992742c5d5,2,task4,understood,5,2026-08-02 14:37:50.675+00
66a3aa9a-a211-41d4-8268-414d71a86581,0c67f223-00bc-7ae4-f408-7e5114428ba6,2,task1,learnt,"I familiarised myself with basic functions in processing and how sequencing of code and placing it within void setup or draw can impact the visual. I also worked with sculpting, but I am not s",2026-08-02 12:03:52.769+00
66c8ebc0-9803-4b4e-b7fa-a9030f34614f,0c67f223-00bc-7ae4-f408-7e5114428ba6,2,task3,learnt,"Learned to modify input control and graphic, but mainly through changing numbers between brackets and ",2026-08-02 13:50:46.131+00
66f47625-25db-489e-8ae3-91c1655cc76b,a85b7bff-098d-7182-6dd1-f509e1c4a3be,2,task3,understood,3,2026-08-02 13:31:44.664+00
672e1a19-a1d1-4260-ba45-2d6d91c39193,48a390b2-f05b-58e0-01c4-88992742c5d5,2,task5,learnt,Understanding how to combine audio clips and visuals ,2026-08-02 15:01:15.771+00
673be3d0-44e0-494a-9e67-8494b07d072d,3f73833c-ad7d-c3b6-b375-383e7eae4e29,1,pre,confidence_processing,1,2026-08-02 11:07:57.201+00
677aabac-2947-4092-abb9-f6966f82f59b,0c67f223-00bc-7ae4-f408-7e5114428ba6,2,task4,learnt,Had to download a sound file and ,2026-08-02 14:37:34.474+00
67848221-d797-4891-a340-18d3a4931038,aebaf27f-3b1e-d8ea-38c0-1f9f35f1be1b,2,task4,understood,4,2026-08-02 14:37:16.237+00
67cfb652-e0ad-403a-b273-6a2c8f5895f9,96917aa5-e2a8-dae4-3b0f-70179ab41e8d,1,exit,confidence_troubleshoot_circuits,4,2026-08-02 11:08:42.091+00
67e71491-6ff4-4188-8043-c2e5bc0b9a6a,5b6c5fa9-29f7-4e44-bb90-a2979152873f,1,task2,understood,4,2026-07-26 19:41:40.486+00
67ec7432-934b-4530-8c07-5eda3dfce630,fec64d1a-b0df-59db-b5b0-a8576f4a2ac1,2,exit,challenges,It didn't work with ,2026-08-02 15:02:19.306+00
67f0f4ac-4cfd-4d03-908f-c4e8c7c90261,0c67f223-00bc-7ae4-f408-7e5114428ba6,2,exit,confidence_circuits,3,2026-08-02 15:06:17.42+00
68127192-6a0c-4c89-bd83-4bf80470740b,331e64a9-20ea-b8b6-0cf8-34a07c2ab075,1,exit,confidence_troubleshoot_code,2,2026-08-01 14:25:10.811+00
6864391b-3eeb-4916-acd9-691d967d4500,b08cbec8-5361-79aa-b266-abaa03aa0a97,1,task1,understood,5,2026-08-02 11:08:40.392+00
688b7100-411b-41a2-8543-64d363da9923,48a390b2-f05b-58e0-01c4-88992742c5d5,2,task5,learnt,Understanding ho to combine,2026-08-02 15:01:05.722+00
68fa905f-e253-458c-9c2a-7285d701ac5b,0c67f223-00bc-7ae4-f408-7e5114428ba6,2,exit,challenges,"The sculpting code app is well structured, but I am not sure how to best modify the visual representation. ",2026-08-02 15:04:32.177+00
690c26e6-3fd5-418d-95e2-d31f32200787,48a390b2-f05b-58e0-01c4-88992742c5d5,2,exit,improve,"Being able to merge programs between processing and Sculpture with a description of what can be changed would be great,",2026-08-02 15:06:09.415+00
69801c55-45ed-48c2-8ed3-8f29c8040be3,0c67f223-00bc-7ae4-f408-7e5114428ba6,2,exit,challenges,"The sculpting code app is well structured, but I am not sure what approach ",2026-08-02 15:03:43.899+00
6992e81f-a9ad-4f4d-aa28-fcc27f27ed19,fa81bca3-a30c-be64-b71d-df2a1287f8d5,1,exit,worked_well,It gave good feedback,2026-08-01 14:25:31.589+00
69a91777-c4c1-45fe-908e-d4a6221e72df,c3f22102-00d9-5f36-79b7-267eee5f1f0a,2,task3,learnt,It was good to try out different ways of playing with size and shape using the arduino as an input. I will use some of the ,2026-08-02 13:33:44.214+00
69ca05b7-1695-4198-8601-2bcb7349a4bd,b2276154-9082-b9d5-34fd-c8c0006f10f2,2,task1,learnt,Ho,2026-08-02 12:01:08.563+00
69cabea1-2d7a-499a-abc1-235cf57de643,aebaf27f-3b1e-d8ea-38c0-1f9f35f1be1b,2,exit,improve,"I'm not sure, maybe an explanation with the question ",2026-08-02 15:03:59.43+00
69d8986b-f185-4c09-8844-06d7fdf334d2,0c67f223-00bc-7ae4-f408-7e5114428ba6,2,task3,learnt,"Learned to modify input control and graphic, but mainly through changing numbers between brackets and looking up information in Processing reference guides, not through ",2026-08-02 13:51:16.879+00
6a0a49ca-8963-4cca-a0a7-83848a07a9a7,b08cbec8-5361-79aa-b266-abaa03aa0a97,1,task1,learnt,"use of feedback shield which was a new idea to me
",2026-08-02 11:08:40.392+00
6a6c5b06-351a-4711-ae88-fa0771590feb,b2276154-9082-b9d5-34fd-c8c0006f10f2,1,exit,confidence_troubleshoot_code,3,2026-08-01 14:53:21.313+00
6a7e2d7e-e7ed-4787-8737-7168049d7caa,0c67f223-00bc-7ae4-f408-7e5114428ba6,2,task2,learnt,I learned to access and upload libraries on Arduino and Processing. Setting up both ,2026-08-02 13:08:15.656+00
6aa3ed18-f0c8-440a-b393-478cde56543e,b2276154-9082-b9d5-34fd-c8c0006f10f2,2,task2,learnt,Figured out how to incorporate arduino and processing by ensuring that the relevant libraries are installed so that the programs can speak to each other. Cna n,2026-08-02 13:07:03.049+00
6ac7c7be-8522-4902-809a-3fc1793bb48c,0c67f223-00bc-7ae4-f408-7e5114428ba6,1,pre,confidence_arduino,3,2026-08-02 11:08:26.099+00
6acd6955-6f08-4446-a68f-cf9997380496,dd32a375-a1f4-cfb5-1eb3-51f0ef6afd91,2,task2,learnt,setting up the arduino to be controlled by our program in processing. we needed to download a specific library in both ar,2026-08-02 13:07:30.501+00
6aeff44a-ee90-4d59-8e95-68a2a90599b3,b2276154-9082-b9d5-34fd-c8c0006f10f2,1,exit,confidence_circuits,3,2026-08-02 11:09:37.659+00
6b1707d8-4b0d-4a83-a9d9-56e7c172d9bd,b2276154-9082-b9d5-34fd-c8c0006f10f2,1,task2,learnt,Unfortunately my ,2026-08-01 13:03:18.904+00
6b81a347-fe78-4559-a40e-c857a99ba094,48a390b2-f05b-58e0-01c4-88992742c5d5,2,task1,understood,5,2026-08-02 12:05:30.844+00
6b8553bc-1d97-4986-9e8e-f7bb5adf8966,0c67f223-00bc-7ae4-f408-7e5114428ba6,1,pre,done_creative_coding,no,2026-08-01 11:20:14.449+00
6b9b7fe1-74ec-43da-b6bc-a0efbfdfab4c,b2276154-9082-b9d5-34fd-c8c0006f10f2,2,task1,learnt,How to create images and basic shapes using code and how to use a third-party so,2026-08-02 12:01:34.922+00
6bd62c75-b2d1-4898-a671-e7102abac2e3,a85b7bff-098d-7182-6dd1-f509e1c4a3be,2,task1,learnt,basi,2026-08-02 12:01:42.531+00
6be9bd4e-689f-42af-9e4b-a909133867a2,c3f22102-00d9-5f36-79b7-267eee5f1f0a,2,task3,learnt,It was good to try out different ways of playing with size and shape using the arduino as an input. I'll make ,2026-08-02 13:33:39.652+00
6c7777ec-1c00-427e-80df-984c3850a156,dd32a375-a1f4-cfb5-1eb3-51f0ef6afd91,2,task1,learnt,basic code structure in processing. how to make a basic im,2026-08-02 12:01:28.033+00
6c7a2cf9-b570-4f5b-9ee4-31405deb4cb5,302fdddb-78c9-7740-5b7a-22cb4f6acf8c,1,pre,done_physical_computing,yes,2026-07-27 21:27:18.339+00
6ca67deb-a153-45db-a05a-ccd20cc9d8cf,aebaf27f-3b1e-d8ea-38c0-1f9f35f1be1b,2,exit,challenges,"Not any really, bit of a lag with the wifi but fairly intuti",2026-08-02 15:02:17.049+00
6cbcb9d6-031d-4366-9752-249cb2ad4dab,0c67f223-00bc-7ae4-f408-7e5114428ba6,2,exit,challenges,"The sculpting code app is well structured, but I am not sure how it is supporting learnin",2026-08-02 15:03:53.575+00
6cbf879a-a0e0-4b88-a9d4-f27ec33cc411,0c67f223-00bc-7ae4-f408-7e5114428ba6,1,task2,learnt,I learnt to move from making the LED turn on/off to fading. The for loop is a good function to control fading.,2026-08-02 15:06:17.42+00
6ccfd080-8ca3-4e14-b597-a5a9dd15896c,0c67f223-00bc-7ae4-f408-7e5114428ba6,2,exit,challenges,"The sculpting code app is well structured, but I am not sure what",2026-08-02 15:03:45.076+00
6cd711f4-bae5-446e-9d8d-1582a975f45a,0c67f223-00bc-7ae4-f408-7e5114428ba6,2,exit,challenges,The sculpting code app is ,2026-08-02 15:03:25.24+00
6d9dc637-e562-4b62-9148-c0db9f73c7d2,0c67f223-00bc-7ae4-f408-7e5114428ba6,2,task5,learnt,"I learned how to mix sound and visuals. I have not yet been able to use different sound files, but that would be great ",2026-08-02 15:02:50.869+00
6da1fe03-6742-4764-a0a6-386ce65906bb,3f73833c-ad7d-c3b6-b375-383e7eae4e29,1,pre,confidence_arduino,1,2026-08-02 11:07:57.201+00
6dac12ec-eb1d-428a-ba35-90af8d650ce5,0c67f223-00bc-7ae4-f408-7e5114428ba6,2,task5,learnt,I learned how to mix sound and visuals.,2026-08-02 15:01:39.898+00
6dbbd19f-e7eb-4da7-8fcf-e76346692f44,3f73833c-ad7d-c3b6-b375-383e7eae4e29,1,pre,done_creative_coding,no,2026-08-01 11:20:09.981+00
6dbe6461-de0f-40fc-8150-abf8d7b8fb52,023022a1-c3b8-b4c3-fc00-2b08c8249760,1,task1,learnt,"Today I learnt how to wire a potentiometer to the Arduino and read its value with analogRead. The most surprising part was seeing the numbers change in the Serial Monitor as I turned the dial. I also understood how the shield LEDs map to pins, so green means HIGH and red means LOW. At first the circuit did not work because a jumper wire was in the wrong row, but once I moved it everything came alive. I feel much more confident about breadboards now, and I want to try controlling a sound with the dial tomorrow.",2026-08-02 07:16:24.84+00
6dc7293a-02ef-4f7d-a851-c3b1893e4602,dd32a375-a1f4-cfb5-1eb3-51f0ef6afd91,2,task2,learnt,setting up the arduino to be controlled by our program in processing. we needed to download a specific library in both the arduino environment and processing. we found how to make sure that processing could see and accept inpucontrol the arduino,2026-08-02 13:08:19.195+00
6dcc2f93-9e8b-4c3b-b62d-0045b5cc8c73,331e64a9-20ea-b8b6-0cf8-34a07c2ab075,2,task4,understood,3,2026-08-02 14:37:13.799+00
6df3d713-51d2-4c0e-a96e-247cdf4ec378,1142f088-0475-5367-98e0-aad6a178c561,2,exit,worked_well,Everything. It interpeted ,2026-08-02 14:55:57.408+00
6e39429a-c942-4612-a053-2a420d1cef58,70d65ebf-28eb-e1e2-ec23-8e8a381f2f32,2,task2,understood,3,2026-08-02 11:07:47.058+00
6e8e4f44-3f03-4148-91d2-4353262a8893,dd32a375-a1f4-cfb5-1eb3-51f0ef6afd91,2,task2,learnt,setting up the arduino to be controlled by our program in processing. we needed to download a specific library in both the arduino environment and processing. we found how to make sure that processing could see and accept input from the arduino. ,2026-08-02 13:08:34.65+00
6e9f6e39-45c6-4508-89a9-1065e43d1a8e,b2276154-9082-b9d5-34fd-c8c0006f10f2,2,task2,learnt,Figured out how to incorporate arduino and processing by ensuring that the relevant libraries are installed so that the programs can speak to each other. This way we are now able to use the arduino physical component to begin controlling parameters within processing. ,2026-08-02 13:07:47.117+00
6ef06acf-9e0e-4a4e-a448-f21bf998390d,aebaf27f-3b1e-d8ea-38c0-1f9f35f1be1b,2,task5,learnt,"Combining audio and visual together, made me think about additional parameters and ",2026-08-02 15:01:35.505+00
6f00dad9-fda9-4c7b-bd59-c57918d3fe4e,b2276154-9082-b9d5-34fd-c8c0006f10f2,1,pre,confidence_troubleshoot_code,1,2026-08-01 11:20:23.364+00
6f203982-5785-41a4-bd5d-b1c7b0477d64,b2276154-9082-b9d5-34fd-c8c0006f10f2,2,exit,challenges,Couldn't change which camera i used on the phone. Wasn't always approximating the image  ,2026-08-02 15:02:01.694+00
6f4283f3-f66c-41b2-9b0f-3cdbff5f75f3,48a390b2-f05b-58e0-01c4-88992742c5d5,2,exit,improve,,2026-08-02 15:05:30.75+00
6f4f7080-94ad-4222-b9ef-9ae1a5f85165,1142f088-0475-5367-98e0-aad6a178c561,2,exit,ease,5,2026-08-02 14:55:33.219+00
6f4f80d4-45aa-497f-adcf-96443e3b78f2,c3f22102-00d9-5f36-79b7-267eee5f1f0a,2,task3,learnt,It was good to try out different ways of playing with size and shape using the arduino as an input. I'll make,2026-08-02 13:33:40.259+00
6f59fea6-131f-4e6c-943f-69bd36900bcd,c3f22102-00d9-5f36-79b7-267eee5f1f0a,1,exit,challenges,"My shield battery ran flat, which changed the behaviour of the Arduino (I guess it was pulling too much power?), and it wasn't immediately obvious what happened.",2026-08-02 11:07:59.452+00
6f6d4eeb-21f3-4f67-a4ae-4f3a5c1ebd06,0c67f223-00bc-7ae4-f408-7e5114428ba6,2,task2,learnt,I learned to access and upload libra,2026-08-02 13:07:53.21+00
6f8e0032-368d-4bc5-8c35-939c82eaaf34,c3f22102-00d9-5f36-79b7-267eee5f1f0a,1,task2,understood,5,2026-08-01 13:02:28.414+00
6fda991f-ebb6-4af5-b9c8-2801628b5cc1,48a390b2-f05b-58e0-01c4-88992742c5d5,2,exit,worked_well,The creator tool and description of the code is excellent and is a very good means to see how it works together.,2026-08-02 15:02:47.391+00
702bce30-f9f2-4a07-a1b9-4d6fae78cbc8,48a390b2-f05b-58e0-01c4-88992742c5d5,1,task3,understood,4,2026-08-01 14:22:19.389+00
702c6517-499a-450d-a1d9-6d745978430a,331e64a9-20ea-b8b6-0cf8-34a07c2ab075,2,task4,learnt,learned about controlling audio with ,2026-08-02 14:37:20.825+00
7031d9db-eb38-458e-9c9a-8a072f04f6ed,aebaf27f-3b1e-d8ea-38c0-1f9f35f1be1b,2,task1,learnt,"How to translate shapes and colours into code using processing, ",2026-08-02 12:01:51.517+00
706372f1-fd10-4186-a4b0-07f51e030b2e,41ae0b9b-1f44-8d29-c33b-63304e77ce38,1,exit,confidence_troubleshoot_code,3,2026-08-01 14:28:14.653+00
7090e34f-9a3e-4a24-8e99-de4e751b3de1,48a390b2-f05b-58e0-01c4-88992742c5d5,2,exit,worked_well,The creator tool and decription of the code is excellent and is a very good visual description,2026-08-02 15:02:25.943+00
70d5d1a7-443b-4ac1-8f86-badc3343876b,dd32a375-a1f4-cfb5-1eb3-51f0ef6afd91,2,task1,learnt,basic code structure in processing. how to make a basic,2026-08-02 12:01:27.421+00
711aa1d2-20b1-48a1-b034-293845ec33cf,b08cbec8-5361-79aa-b266-abaa03aa0a97,1,pre,done_physical_computing,yes,2026-08-02 11:08:40.391+00
7120450d-79e0-40e5-a35e-890ff1926b0c,0c67f223-00bc-7ae4-f408-7e5114428ba6,2,task1,learnt,I familiarised myself with basic functions in processing and how sequencing of code and placing it within void setup or draw can impact the vis,2026-08-02 12:03:10.557+00
712f8f9b-689d-478e-8214-06a9c007ea8e,0c67f223-00bc-7ae4-f408-7e5114428ba6,2,task3,understood,3,2026-08-02 13:47:54.012+00
71644569-a5be-4d0c-be24-e75090217174,70d65ebf-28eb-e1e2-ec23-8e8a381f2f32,1,task1,understood,2,2026-08-02 08:03:58.659+00
716abdea-a506-4d43-8ccd-68006f7b6040,aebaf27f-3b1e-d8ea-38c0-1f9f35f1be1b,2,task4,learnt,"Integrating audio into processing controlled by the potentiometer, I think my understanding is slightly less",2026-08-02 14:38:37.441+00
71c39571-6df1-4a90-8518-966babd056d6,48a390b2-f05b-58e0-01c4-88992742c5d5,1,exit,confidence_troubleshoot_circuits,4,2026-08-01 14:27:25.044+00
722174b8-6745-4ba3-8166-0aba732cbd1a,0c67f223-00bc-7ae4-f408-7e5114428ba6,2,task3,understood,4,2026-08-02 13:47:50.633+00
723a649f-0b2e-4829-9c9c-f60bc9027a2b,70d65ebf-28eb-e1e2-ec23-8e8a381f2f32,2,task1,learnt,this is a test ignore this entry. checking survey function over tasks and longer entries ,2026-08-02 11:07:47.058+00
724072bf-d4d3-40fe-bdeb-7233392eff85,c3f22102-00d9-5f36-79b7-267eee5f1f0a,2,exit,worked_well,It was so quick to go from something in,2026-08-02 15:00:05.614+00
7275197d-58ae-4f1b-8bd6-5e81c6ecc6b3,48a390b2-f05b-58e0-01c4-88992742c5d5,2,task3,learnt,Using different coding to manipulate images. They ,2026-08-02 13:31:30.423+00
7276677f-88c8-444a-b66c-90c03aabddd1,dd32a375-a1f4-cfb5-1eb3-51f0ef6afd91,2,task5,learnt,played with loading new sounds into a new project and assigning control from inputs to affect both sound and visual ,2026-08-02 15:02:25.393+00
72787d83-9b23-47e6-8f2c-326d445ee382,3f73833c-ad7d-c3b6-b375-383e7eae4e29,1,exit,confidence_arduino,3,2026-08-02 11:07:57.201+00
72b80e16-3a1b-4170-960f-3fb33e82ac59,aebaf27f-3b1e-d8ea-38c0-1f9f35f1be1b,2,task4,learnt,"Integrating audio into processing controlled by the potentiometer, I think my understanding is slightly less with this task as I struggling setting up a few things with audio",2026-08-02 14:38:49.428+00
72ef7e45-2b18-4ff0-ad7b-43f6cad21b2d,b2276154-9082-b9d5-34fd-c8c0006f10f2,2,exit,challenges,Non....;,2026-08-02 15:01:39.935+00
72f2c2a7-824e-410f-ad22-c1bc524fb40e,fec64d1a-b0df-59db-b5b0-a8576f4a2ac1,2,task3,learnt,Manipulating parameters within ,2026-08-02 13:31:00.59+00
7345f04d-cd06-45c4-9f5f-13e5834f78e6,c3f22102-00d9-5f36-79b7-267eee5f1f0a,1,task2,learnt,I'd never tried using analogueWrite on the PWM pins. Revolutionary!,2026-08-02 11:07:59.452+00
734cd5a5-7c9a-4fc2-b17b-7c7ee3682384,dd32a375-a1f4-cfb5-1eb3-51f0ef6afd91,1,exit,confidence_arduino,4,2026-08-02 11:08:38.933+00
734ff554-9ae8-4c9a-82f9-e1815cf6feaf,fec64d1a-b0df-59db-b5b0-a8576f4a2ac1,2,task2,learnt,Learned how to connect Arduino to Processing and control the parameters of objects using the an,2026-08-02 13:07:12.258+00
735aa03b-376d-42ac-b3f3-592faf29136b,c3f22102-00d9-5f36-79b7-267eee5f1f0a,2,task1,learnt,"I used Processing for the first time, it was easy to get started and move beyond basic shapes and colours The ",2026-08-02 12:01:44.188+00
73ac4488-8e56-46a5-8003-b8760a0f60f7,aebaf27f-3b1e-d8ea-38c0-1f9f35f1be1b,2,task2,learnt,Difference between float and int (probably from task 1,2026-08-02 13:06:27.922+00
73c12278-32cf-4bdb-ac02-7fc05585fb67,a85b7bff-098d-7182-6dd1-f509e1c4a3be,2,task2,learnt,how to download libraries for,2026-08-02 13:06:50.347+00
73d68f36-4f19-43cc-b000-dea65807e149,1142f088-0475-5367-98e0-aad6a178c561,2,exit,worked_well,Everything. It inte,2026-08-02 14:55:55.077+00
74220eee-324f-40cd-9212-b42e558bfb14,c3f22102-00d9-5f36-79b7-267eee5f1f0a,2,task5,understood,5,2026-08-02 14:59:00.552+00
746c3d55-5699-424e-976c-d48109501b99,48a390b2-f05b-58e0-01c4-88992742c5d5,2,exit,challenges,Unsure how to transfer code between S,2026-08-02 15:01:51.677+00
7494bf70-639d-4096-bb0f-471a808a76f4,41ae0b9b-1f44-8d29-c33b-63304e77ce38,1,task2,understood,4,2026-08-01 13:02:32.24+00
74f3ad0f-3789-4db7-9277-e6f15ba0e6b0,48a390b2-f05b-58e0-01c4-88992742c5d5,1,task2,learnt,Clear understanding of what the code does and how this can affect the behaviour of an LED. ,2026-08-02 12:05:30.844+00
7511fe90-1f63-4561-9cad-9e9c34e4446f,aebaf27f-3b1e-d8ea-38c0-1f9f35f1be1b,2,exit,worked_well,"As above, I could ",2026-08-02 15:03:03.661+00
7514bde2-7949-4fea-9c16-5f4a8f3e7103,331e64a9-20ea-b8b6-0cf8-34a07c2ab075,1,task3,learnt,"Controlling something (Light) with an analog method, whose parameters are controlled by code. ",2026-08-02 11:09:37.008+00
7522bd58-60c4-4738-bed2-0db1701cb83d,0c67f223-00bc-7ae4-f408-7e5114428ba6,2,task2,learnt,I learned to access and upload libraries on Arduino and Processing. Setting up both hardware and software is not complicated but not straightforward either. It is great to use a physical input to change the graphic through the example of the potentiometer. ,2026-08-02 15:06:17.419+00
75746023-b679-49ae-9218-cf47f6420102,0c67f223-00bc-7ae4-f408-7e5114428ba6,1,pre,confidence_troubleshoot_circuits,2,2026-08-02 15:06:17.42+00
759835f4-c5c4-436c-8e0c-787da98e4a67,96917aa5-e2a8-dae4-3b0f-70179ab41e8d,1,exit,worked_well,"fit into the main board well, was really easy to plug things in and out",2026-08-02 11:08:42.091+00
75a0895d-6681-4395-862f-0e0e736352fe,0c67f223-00bc-7ae4-f408-7e5114428ba6,2,task4,learnt,I was not able to p,2026-08-02 14:37:47.718+00
761dbfae-d3f0-469b-bc49-9a49fa016fe8,b2276154-9082-b9d5-34fd-c8c0006f10f2,2,task1,learnt,How to create images and basic shapes using code and how to use a third-party software to help deve,2026-08-02 12:01:40.959+00
7637963e-d5f9-474b-8b48-a30f67bd3f2f,331e64a9-20ea-b8b6-0cf8-34a07c2ab075,1,pre,done_physical_computing,no,2026-08-02 11:09:36.998+00
763a52be-962b-42d6-b78c-a2950c8ac71c,b2276154-9082-b9d5-34fd-c8c0006f10f2,2,task2,learnt,Figured out how to incorporate arduino and processing by ensuring that the relevant libraries are installed so that the programs can speak to each other. This has been ,2026-08-02 13:07:09.657+00
7669972a-7810-44c5-8379-39864bdf496b,3f73833c-ad7d-c3b6-b375-383e7eae4e29,2,task1,learnt,"creating shapes in Processing, using mousex and m",2026-08-02 12:01:59.969+00
767283a7-3a8c-4131-ac56-f7147af57502,dd32a375-a1f4-cfb5-1eb3-51f0ef6afd91,2,task5,learnt,played with loading new sounds into a new project and assigning control for,2026-08-02 15:02:08.435+00
7684753a-ed94-4113-bb16-a1757b5c9ba5,0c67f223-00bc-7ae4-f408-7e5114428ba6,1,task3,learnt,I understood how the potentiometer as an input device worked and how it connects to the LED as an output device. I tinkered with some functions to understand potential challenges that might occur in practice. Feedback shield responses are not always clear to me. ,2026-08-02 11:08:26.1+00
76a9461c-c153-4210-bf4d-abe8efa48f74,3f73833c-ad7d-c3b6-b375-383e7eae4e29,1,exit,confidence_troubleshoot_code,2,2026-08-02 11:08:10.903+00
76bbd278-1c13-47ea-844d-ee41f8da7bc1,331e64a9-20ea-b8b6-0cf8-34a07c2ab075,2,task3,learnt,controlling parameters ,2026-08-02 13:22:04.338+00
76e99c4d-3a10-4274-98bb-fa1209931bc8,dd32a375-a1f4-cfb5-1eb3-51f0ef6afd91,1,task2,understood,5,2026-08-02 11:08:38.933+00
770e7d18-244f-4d83-a724-c33229593f83,0c67f223-00bc-7ae4-f408-7e5114428ba6,2,task5,learnt,I learned how to mix sound and visuals. I have not gotten into using sound,2026-08-02 15:02:17.776+00
7741431f-0221-4737-952b-17a857efcf40,fa81bca3-a30c-be64-b71d-df2a1287f8d5,1,pre,confidence_troubleshoot_circuits,2,2026-08-01 11:20:29.653+00
779d7bd3-edfa-480f-8625-fff74796a851,fec64d1a-b0df-59db-b5b0-a8576f4a2ac1,2,task4,learnt,How to import and control audio from controller.,2026-08-02 15:01:31.288+00
77d5aa0a-62b3-47a2-bfcb-f288af4f6db0,3f73833c-ad7d-c3b6-b375-383e7eae4e29,2,exit,worked_well,"being able to copy and paste the code into processing, ",2026-08-02 15:04:29.049+00
77fdcbb8-ed50-4942-964e-79960f0b69f4,c3f22102-00d9-5f36-79b7-267eee5f1f0a,1,task3,understood,5,2026-08-02 11:07:59.452+00
786aa96a-f5f9-4d31-8b31-09609643cf08,3f73833c-ad7d-c3b6-b375-383e7eae4e29,2,task4,learnt,how to import audio into sketch and how the manual dial can affect different elements. assigning multiple sounds to the one dial using ranges was,2026-08-02 14:39:10.966+00
788ef7ca-d6b9-4ec5-a352-82fd8e91bef9,0c67f223-00bc-7ae4-f408-7e5114428ba6,2,exit,challenges,"The sculpting code app is well structured, but I am not sure how to best modify the visual representation. ",2026-08-02 15:06:17.42+00
788f6473-3a49-40d7-9617-9ae4b810fafe,0c67f223-00bc-7ae4-f408-7e5114428ba6,2,task2,learnt,I learned to download and use libraries ,2026-08-02 13:07:15.111+00
78b8ea47-309b-451a-ac2d-068bd7cae352,0c67f223-00bc-7ae4-f408-7e5114428ba6,2,task5,learnt,I learned how to mix sound and visuals. I have not gotten into using ,2026-08-02 15:02:13.066+00
78d4aa93-8bb8-42e3-8fdc-f4635b3c5b5d,331e64a9-20ea-b8b6-0cf8-34a07c2ab075,2,task1,understood,3,2026-08-02 12:01:11.436+00
78d61571-ed50-432c-90a3-83491a5553e5,aebaf27f-3b1e-d8ea-38c0-1f9f35f1be1b,2,exit,ease,5,2026-08-02 15:01:59.398+00
78e1cdca-30d3-446e-961b-5f96ecf37bed,331e64a9-20ea-b8b6-0cf8-34a07c2ab075,1,task1,learnt,How to connect an arduino board to a computer programme and make a light blink. ,2026-08-02 11:09:37.008+00
78f177be-0fe6-41eb-8b9a-b71e55a003f6,48a390b2-f05b-58e0-01c4-88992742c5d5,2,exit,ease,4,2026-08-02 15:02:51.37+00
78f480d5-bf56-4245-9b0e-d0477297ee47,dd32a375-a1f4-cfb5-1eb3-51f0ef6afd91,2,exit,worked_well,it really worked much ,2026-08-02 15:04:20.725+00
78fa8f02-4f51-4f91-96f9-293bbe7dc7a8,aebaf27f-3b1e-d8ea-38c0-1f9f35f1be1b,2,task4,learnt,Integrating au,2026-08-02 14:37:43.515+00
7947951f-e8ad-44e4-8dfa-041b0e2dd271,0c67f223-00bc-7ae4-f408-7e5114428ba6,2,task4,understood,2,2026-08-02 15:06:17.419+00
795ac0f4-650b-4ef9-adbf-b7c173467cba,dd32a375-a1f4-cfb5-1eb3-51f0ef6afd91,1,exit,confidence_circuits,3,2026-08-02 11:08:38.933+00
795b59f5-8908-453a-940d-71661facf0aa,0c67f223-00bc-7ae4-f408-7e5114428ba6,2,task1,learnt,"I familiarised myself with basic functions in processing and how sequencing of code and placing it within void setup or draw can impact the visual. I also worked with sculpting, but I am not ",2026-08-02 12:03:52.681+00
7960f1ee-cd43-47a1-90e0-33b735aef9ec,3f73833c-ad7d-c3b6-b375-383e7eae4e29,2,task1,learnt,"creating shapes in Processing, using track pad to control these and then having a go at translating real world objects into code using Jen's cool sculpt tool",2026-08-02 12:02:37.224+00
79870e16-45a8-4f6f-87f2-8cd402f18a25,b2276154-9082-b9d5-34fd-c8c0006f10f2,2,task2,learnt,Figured out how to incorporate arduino and processing by ensuring that the relevant libraries are installed so that the programs can speak to each other. This way we are now able to use the arduino physical component to begin controlling parameters ,2026-08-02 13:07:39.375+00
798f7316-58ad-4a1a-9e35-8b91f63effce,0c67f223-00bc-7ae4-f408-7e5114428ba6,2,exit,ease,3,2026-08-02 15:03:15.186+00
799253a2-12be-418f-bc10-7d1bd1bc055d,fec64d1a-b0df-59db-b5b0-a8576f4a2ac1,2,exit,confidence_troubleshoot_code,5,2026-08-02 15:03:32.672+00
79d6b6f0-24c6-48aa-95c5-1366523fd498,96917aa5-e2a8-dae4-3b0f-70179ab41e8d,1,exit,improve,n/a,2026-08-01 14:57:24.467+00
79e23597-b7b1-49e8-b494-d1805e42629c,48a390b2-f05b-58e0-01c4-88992742c5d5,2,task5,learnt,Understanding how to combine audio clips and visuals u,2026-08-02 15:01:16.162+00
79f91a51-df94-43f8-9546-48e1d6d5a4e6,331e64a9-20ea-b8b6-0cf8-34a07c2ab075,2,exit,ease,4,2026-08-02 15:02:18.181+00
7a17dadd-1afa-4026-aa48-6e155fc8c009,70d65ebf-28eb-e1e2-ec23-8e8a381f2f32,1,pre,confidence_troubleshoot_circuits,3,2026-08-02 11:07:47.058+00
7a20ce3d-46d3-4443-aacc-d8ae1688315a,48a390b2-f05b-58e0-01c4-88992742c5d5,1,pre,confidence_circuits,4,2026-08-01 11:20:07.12+00
7a25f6fa-dde0-4861-863d-6cf4aedd5bdb,b2276154-9082-b9d5-34fd-c8c0006f10f2,1,task1,understood,4,2026-08-01 12:30:54.435+00
7a501c3f-3dcd-487b-9c4b-581115074d8b,0c67f223-00bc-7ae4-f408-7e5114428ba6,2,task1,understood,3,2026-08-02 12:01:52.902+00
7a858ce4-66db-4dae-921a-c5c169b8fa54,b2276154-9082-b9d5-34fd-c8c0006f10f2,2,task2,learnt,Figured out how to incorporate arduino and processing by ensuring that the relevant libraries are installed so that the programs can speak to each other. This ,2026-08-02 13:07:08.13+00
7aa547d5-9361-4bc4-a128-77f32f3f3c4e,fa81bca3-a30c-be64-b71d-df2a1287f8d5,1,pre,confidence_processing,3,2026-08-01 11:21:31.937+00
7b723f1c-3a87-404c-b073-c8ba03072143,fec64d1a-b0df-59db-b5b0-a8576f4a2ac1,2,task4,learnt,How to import and ,2026-08-02 15:01:21.218+00
7b9d5e72-8773-4c4e-bdc3-6d9415064785,3f73833c-ad7d-c3b6-b375-383e7eae4e29,1,exit,confidence_troubleshoot_circuits,3,2026-08-01 14:26:53.138+00
7ba0f503-048e-4ccf-b66e-18c87fe5a5a1,aebaf27f-3b1e-d8ea-38c0-1f9f35f1be1b,2,task2,learnt,"Difference between float and int (probably from task 1), connecting A",2026-08-02 13:06:40.395+00
7ba849e7-5d7b-4c76-b6da-04f5b684fdb2,0c67f223-00bc-7ae4-f408-7e5114428ba6,1,pre,confidence_circuits,2,2026-08-02 15:06:17.42+00
7befa496-d8da-4f9f-8314-77bf0ade6f70,b2276154-9082-b9d5-34fd-c8c0006f10f2,2,task3,learnt,Learned how to adjust part of the code to manipulate the images which are generated. ,2026-08-02 13:31:06.711+00
7c12f93d-c41b-44b2-8016-341eaf14cbc9,70d65ebf-28eb-e1e2-ec23-8e8a381f2f32,1,task2,learnt,jjadfjfadljfdadfkldflndfnflnflNFlknfdKNLFlknfklnfklfklxlkK,2026-08-02 08:03:54.072+00
7c1ffe89-5fdd-40f8-9695-e557cccf90a7,023022a1-c3b8-b4c3-fc00-2b08c8249760,1,task3,learnt,"This is a full multi-sentence recovery test answer. It should be stored in local storage in its entirety, and the re-save button should push this whole paragraph back to the database rather than only the first couple of words.",2026-08-02 07:47:27.882+00
7c9e3e31-e7dd-4b58-835d-938029da0560,fec64d1a-b0df-59db-b5b0-a8576f4a2ac1,2,task3,learnt,Manipulating parameters within Processing using analog output from Arduino,2026-08-02 13:31:23.127+00
7cac7697-7f65-4fd2-a7fb-753156b89ca5,0c67f223-00bc-7ae4-f408-7e5114428ba6,2,task1,learnt,I familiarised myself with basic functions in processing and how sequencing of code and placing it within void setup or draw can impact the visual,2026-08-02 12:03:14.25+00
7cb83bf4-1bb8-40cf-9f5d-d6620ff34bcf,3f73833c-ad7d-c3b6-b375-383e7eae4e29,2,task2,learnt,how to co,2026-08-02 13:07:45.125+00
7d0a6ea6-076d-4e60-8739-def655c308d4,dd32a375-a1f4-cfb5-1eb3-51f0ef6afd91,2,task2,learnt,setting up the arduino to be controlled by our program in ,2026-08-02 13:07:02.317+00
7d13b630-0cc6-43c6-9fe8-653445d4b68a,b2276154-9082-b9d5-34fd-c8c0006f10f2,1,pre,confidence_circuits,2,2026-08-02 11:09:37.659+00
7d1a686f-696a-42c8-aa1b-81a5d900d67c,dd32a375-a1f4-cfb5-1eb3-51f0ef6afd91,2,exit,worked_well,it really worked much better than expected in interpreting ,2026-08-02 15:04:31.706+00
7d3fd198-2a66-4341-9130-72c6354d104a,0c67f223-00bc-7ae4-f408-7e5114428ba6,2,task3,learnt,Learne,2026-08-02 13:49:47.935+00
7d8786f5-01fe-4c9b-ba3b-d477d9fdd05b,c3f22102-00d9-5f36-79b7-267eee5f1f0a,2,task1,learnt,"I used Processing for the first time, it was easy to get started and move beyond basic shapes and colours The Sculpting Code tool was a fantastic way to experiment with more complex ",2026-08-02 12:02:00.836+00
7e2f2ac0-b4e3-4910-a405-8915a9693520,dd32a375-a1f4-cfb5-1eb3-51f0ef6afd91,1,task2,learnt,sending instructions to,2026-08-01 13:02:49.1+00
7e48363c-3cac-4461-ae3c-747d570a5c8f,48a390b2-f05b-58e0-01c4-88992742c5d5,2,task5,learnt,Understanding how to combine audio clips and visuals using Arduino.,2026-08-02 15:01:20.009+00
7eaf01c6-a87c-420e-b189-23db9592b4da,1142f088-0475-5367-98e0-aad6a178c561,2,task3,learnt,How to make things rotate and change colour or size using the dial ,2026-08-02 13:30:41.53+00
7eb395d9-166e-4a71-acc9-2b98c24c1598,3f73833c-ad7d-c3b6-b375-383e7eae4e29,2,task5,learnt,"assigning sounds to visuals, controlling both or either with manual dial, exploring looping through sounds until the assigned threshold value is met",2026-08-02 15:02:29.282+00
7ecb5c68-934f-4e1b-b1ff-e0996e14955c,b2276154-9082-b9d5-34fd-c8c0006f10f2,2,task2,learnt,Figure out how to incorporate more ,2026-08-02 13:06:13.479+00
7efe52d6-9aed-42ed-ade8-7b4679f870ab,c3f22102-00d9-5f36-79b7-267eee5f1f0a,2,exit,challenges,I didn't - it worked great! I've never seen something like this before!,2026-08-02 15:01:52.452+00
7effd606-ea88-4013-959c-f0b5f5a304a7,fec64d1a-b0df-59db-b5b0-a8576f4a2ac1,2,task1,learnt,Create shapes an,2026-08-02 12:01:22.807+00
7f13335e-974a-4719-9068-7597c1276481,b08cbec8-5361-79aa-b266-abaa03aa0a97,1,exit,worked_well,,2026-08-01 14:26:36.109+00
7f6342a9-f5fe-4885-9a66-039fb1177490,dd32a375-a1f4-cfb5-1eb3-51f0ef6afd91,2,task4,learnt,how to import wav files into processing. how to play sounds and change things like playback rate and ,2026-08-02 14:37:59.086+00
7f88b1f8-8887-4831-8aa0-9c2d2493773b,c3f22102-00d9-5f36-79b7-267eee5f1f0a,1,exit,improve,"Adding labels would make it easier to make sure things are in the right place.

Aligning the LEDs with the pins would make it foolproof (I know the neopixels are too big to do that)

The header pins were a bit loose, so cables worked loose creating a poor connection. Maybe heavily used? Or need better headers?",2026-08-02 11:07:59.452+00
7f90ae55-e588-49a2-ada9-e16f311c83c6,1142f088-0475-5367-98e0-aad6a178c561,2,exit,challenges,None it was actually so amazin,2026-08-02 14:55:42.275+00
7fa87871-34e3-4806-b9be-d6acafa6cd95,a85b7bff-098d-7182-6dd1-f509e1c4a3be,1,exit,challenges,My eyesight,2026-08-01 14:24:46.865+00
7fa901d6-6579-4df1-96ee-72089eeeb028,1142f088-0475-5367-98e0-aad6a178c561,2,task5,learnt,I learned how to change the sounds and make visuals and sound react to the dial,2026-08-02 14:55:05+00
7fb9a766-92eb-48fc-aae5-7dbb2d003afa,dd32a375-a1f4-cfb5-1eb3-51f0ef6afd91,2,task4,learnt,how to import wav files into processing. how to play sounds and change things like playback rate and duration of playback. ,2026-08-02 14:38:09.712+00
80511236-0aa4-4058-9a39-c109d53d8ebe,0c67f223-00bc-7ae4-f408-7e5114428ba6,2,exit,challenges,"The sculpting code app is well structured, but I am not sure h",2026-08-02 15:03:49.406+00
809490b3-5411-4f85-a1cd-0a48275cc602,b08cbec8-5361-79aa-b266-abaa03aa0a97,1,pre,confidence_circuits,5,2026-08-01 11:19:59.411+00
80d4e10b-dca5-4daf-a07f-0dc2f3e9d3b0,0c67f223-00bc-7ae4-f408-7e5114428ba6,2,task4,learnt,I was not able to put this task into practice as I did not have sound files and had to download them. Pro,2026-08-02 14:39:18.419+00
80ecfe5c-5011-4a68-bcf5-4319690e521a,331e64a9-20ea-b8b6-0cf8-34a07c2ab075,1,task3,understood,4,2026-08-01 14:24:11.129+00
80ff229d-c472-4a70-a7cd-c35515db519f,0c67f223-00bc-7ae4-f408-7e5114428ba6,2,task4,learnt,I was not able to put this task into practice as I did not have sound files and had to download them. Providing sound files would have been helpful. ,2026-08-02 14:39:29.161+00
81101381-bd9d-40bc-9e37-1b78a6e887bf,48a390b2-f05b-58e0-01c4-88992742c5d5,1,pre,confidence_arduino,2,2026-08-01 11:20:00.956+00
8157cdeb-bfcd-401b-b6d3-3de85ac1c8d7,c3f22102-00d9-5f36-79b7-267eee5f1f0a,1,exit,confidence_troubleshoot_code,4,2026-08-01 14:28:03.47+00
816dbd35-bbf4-4a53-a37d-70b8275c07eb,b08cbec8-5361-79aa-b266-abaa03aa0a97,1,task1,learnt,use of ,2026-08-01 12:30:59.786+00
816eb117-c421-454f-94a8-9104cccf1d29,331e64a9-20ea-b8b6-0cf8-34a07c2ab075,2,task4,learnt,learned about controlling audio with physical ,2026-08-02 14:37:23.063+00
817dd248-28d4-4267-a4cf-d83b6a1fcadc,0c67f223-00bc-7ae4-f408-7e5114428ba6,2,exit,challenges,"The sculpting code app is well structured, but I am not sure what approach",2026-08-02 15:03:44.507+00
81d25e0b-0abb-42b5-94c3-d25c406ae44c,0c67f223-00bc-7ae4-f408-7e5114428ba6,2,task3,learnt,"Learned to modify input control and graphic, but mainly through changing numbers between brackets and looking up information in Processing reference guides, not through the ",2026-08-02 13:51:20.033+00
81f20724-17ce-488a-9e0b-53cc74c8e3d6,48a390b2-f05b-58e0-01c4-88992742c5d5,2,exit,improve,Being able to merge prgorams,2026-08-02 15:05:41.103+00
81f4d345-da22-4fd8-b66b-1b96c5e12874,dd32a375-a1f4-cfb5-1eb3-51f0ef6afd91,2,task2,learnt,setting up the arduino to be controlled by our program in processing. we needed to download a specific library in both the arduino environment and processing. we found how to make sure that processing could see and accept input from the arduino,2026-08-02 13:08:30.147+00
81f5ed53-1a81-4d3c-afed-0ea3835901fc,aebaf27f-3b1e-d8ea-38c0-1f9f35f1be1b,2,task1,learnt,"How to translate shapes and colours into code using processing, language is adaptable",2026-08-02 12:01:57.708+00
821ed37b-71f3-473e-8c6f-2f6f3f896d7d,c3f22102-00d9-5f36-79b7-267eee5f1f0a,1,exit,confidence_troubleshoot_circuits,5,2026-08-01 14:27:59.482+00
8232e9f3-45b1-4828-882d-f1e1ef54b5df,0c67f223-00bc-7ae4-f408-7e5114428ba6,2,task2,learnt,I learned to access and upload libraries on Arduino and Processing. Setting up both s,2026-08-02 13:08:15.744+00
826e968e-4add-4329-a3fe-684984e09a31,331e64a9-20ea-b8b6-0cf8-34a07c2ab075,1,task2,learnt,changing parameters of code to change how the light reacts,2026-08-02 11:09:37.008+00
827fe0ad-f2e8-4c4a-a868-c581429dc8f3,70d65ebf-28eb-e1e2-ec23-8e8a381f2f32,2,task1,understood,2,2026-08-02 08:15:50.862+00
8280212d-cfdf-4e9f-b43d-36179bcc76d3,0c67f223-00bc-7ae4-f408-7e5114428ba6,2,exit,challenges,"The sculpting code app is well structured, but I am not sure ",2026-08-02 15:03:47.247+00
82aa7d03-9f43-4535-8d09-e745683ada3f,41ae0b9b-1f44-8d29-c33b-63304e77ce38,1,exit,worked_well,Easy to work with and connect to,2026-08-01 14:27:35.949+00
82d642ae-1169-45b1-ac75-246de5c1c619,3f73833c-ad7d-c3b6-b375-383e7eae4e29,1,exit,confidence_troubleshoot_circuits,3,2026-08-02 11:07:57.201+00
82eaa87c-95b5-438b-b194-3b6bac637971,b2276154-9082-b9d5-34fd-c8c0006f10f2,1,task1,learnt,,2026-08-01 12:31:04.764+00
8303d47b-9d8b-46be-9459-21e33395eeeb,c3f22102-00d9-5f36-79b7-267eee5f1f0a,1,task3,learnt,"I learned about how quickly to poll the analog pins, and how to keep the number ranges suitable for the outputs.

I liked being able to see the difference of values on the inputs and the outputs by comparing the relative brightness of the LEDs on the shield.",2026-08-02 11:07:59.452+00
8307c206-80f0-4b48-91e1-7c8447140789,dd32a375-a1f4-cfb5-1eb3-51f0ef6afd91,2,task2,learnt,setting up the arduino to be controlled by our program in processing. we needed to download a specific library in both a,2026-08-02 13:07:30.687+00
830a3755-6705-44b2-ae6f-7bc266a4947e,0c67f223-00bc-7ae4-f408-7e5114428ba6,2,exit,confidence_processing,4,2026-08-02 15:06:17.42+00
832cb592-8a30-43d4-9719-bf55d23b1da1,48a390b2-f05b-58e0-01c4-88992742c5d5,1,exit,worked_well,"Real-time Visual output of what is happening, eg using a serial monitor when adjusting potentiometer.",2026-08-02 12:05:30.843+00
833360eb-ab53-45b3-a870-07d5e6af338a,3f73833c-ad7d-c3b6-b375-383e7eae4e29,1,task2,learnt,lookin,2026-08-01 13:02:51.368+00
836e8ebd-0759-4c52-a66f-1da9ba3e4aca,0c67f223-00bc-7ae4-f408-7e5114428ba6,2,exit,confidence_arduino,4,2026-08-02 15:06:17.42+00
83d9b33c-1b05-482b-83e6-423f32379e85,3f73833c-ad7d-c3b6-b375-383e7eae4e29,1,task2,understood,5,2026-08-01 13:02:44.863+00
83df3d41-ef74-49af-89bf-74fe0bc69127,0c67f223-00bc-7ae4-f408-7e5114428ba6,2,task1,learnt,I familiarised myself with basic functions in processing and how sequencing of code,2026-08-02 12:02:35.469+00
83f293c5-415f-4f51-afa8-197c744af598,3f73833c-ad7d-c3b6-b375-383e7eae4e29,2,task5,learnt,"assigning sounds to visuals, controlling both or either with manual dial, exploring looping through sounds until the ",2026-08-02 15:02:03.801+00
83fdcbd0-9a1e-4439-8b9a-0b313bea70c8,0c67f223-00bc-7ae4-f408-7e5114428ba6,1,task1,learnt,It we,2026-08-01 12:36:05.315+00
84329239-897f-41eb-8885-69d98640e2e2,3f73833c-ad7d-c3b6-b375-383e7eae4e29,2,exit,challenges,"Wifi was a bit of a challenge, as was not having enough sounds already on my laptop. Some coding",2026-08-02 15:03:02.494+00
8444a54e-5b37-426b-a3d1-a2ef6d4e55b6,c3f22102-00d9-5f36-79b7-267eee5f1f0a,2,exit,worked_well,It was so quick to go from something in the real world to code!,2026-08-02 15:00:11.119+00
845ec344-97fc-4310-b7be-f59dfe49ad70,331e64a9-20ea-b8b6-0cf8-34a07c2ab075,1,pre,confidence_circuits,2,2026-08-02 11:09:37.007+00
84948655-3e35-401c-b4d0-35694ff97cfd,dd32a375-a1f4-cfb5-1eb3-51f0ef6afd91,2,exit,improve,dark mode,2026-08-02 15:04:49.456+00
84f738e9-9d54-4926-b2be-51497946f302,00000000-0000-4000-8000-000000000002,8,diag2,ping,x,2026-07-26 19:33:36.896447+00
8518f217-24b8-4759-81a3-3e0e97a1fd6f,0c67f223-00bc-7ae4-f408-7e5114428ba6,1,exit,challenges,"I had issues with plugging the battery, but this was because the battery was not working. ",2026-08-02 11:08:26.099+00
851e97f0-a63f-45a1-9117-d9e152799bf4,3f73833c-ad7d-c3b6-b375-383e7eae4e29,1,pre,confidence_processing,1,2026-08-01 11:20:23.723+00
8546c066-e338-4758-b303-965abc624f2d,dd32a375-a1f4-cfb5-1eb3-51f0ef6afd91,2,task3,learnt,played a bit with the code in processing to see ,2026-08-02 13:31:42.873+00
8559beeb-efb1-464e-9237-144a20ae589f,3f73833c-ad7d-c3b6-b375-383e7eae4e29,2,task4,learnt,how to import audio into sketch and how the manual dial can affect different elements,2026-08-02 14:38:59.229+00
85847514-2dd0-4069-aaf4-38cda391942c,3f73833c-ad7d-c3b6-b375-383e7eae4e29,2,task2,understood,3,2026-08-02 13:07:04.444+00
85a52934-27eb-4940-9043-06fbe8bec9b4,dd32a375-a1f4-cfb5-1eb3-51f0ef6afd91,2,task4,learnt,how to import wav files into processing. ,2026-08-02 14:37:30.022+00
85c0c54b-256e-4b67-ba55-4fa11efb49f4,48a390b2-f05b-58e0-01c4-88992742c5d5,1,exit,confidence_arduino,4,2026-08-01 14:27:17.721+00
85eed887-268d-430a-a037-10899cb32d0c,fec64d1a-b0df-59db-b5b0-a8576f4a2ac1,2,task5,learnt,Bringing together audio and visual manipulation using ,2026-08-02 15:01:53.606+00
860a8c2b-a736-45e4-a7a9-1b7e07573047,aebaf27f-3b1e-d8ea-38c0-1f9f35f1be1b,2,task2,learnt,"Difference between float and int (probably from task 1), connectin",2026-08-02 13:06:36.438+00
861bd3dd-0e08-4cb4-9efa-30e3ce23149c,1142f088-0475-5367-98e0-aad6a178c561,2,exit,confidence_processing,5,2026-08-02 15:02:04.563+00
8645f2de-36b2-4ea2-b941-27876e3fddeb,3f73833c-ad7d-c3b6-b375-383e7eae4e29,1,pre,confidence_arduino,1,2026-08-02 11:08:10.903+00
869029d2-8a6c-4aea-ad1d-7affa4b536e0,c3f22102-00d9-5f36-79b7-267eee5f1f0a,2,task2,learnt,I learned how to use the firmata library on the arduino to work as an input into Processing,2026-08-02 13:06:43.44+00
86b066d0-5f9e-4b2d-8cbf-9ff7b348e550,70d65ebf-28eb-e1e2-ec23-8e8a381f2f32,1,task2,understood,3,2026-08-02 08:03:58.659+00
86c2ce8f-689d-469b-a5cd-73fcb9961e47,1142f088-0475-5367-98e0-aad6a178c561,2,task4,learnt,Learned how to implement sound. I learned how to put my audio files into processing and how to use a controller to cycle through them,2026-08-02 14:37:38.957+00
870a4298-3c4e-48e3-b67f-350a20e4881c,dd32a375-a1f4-cfb5-1eb3-51f0ef6afd91,2,task4,learnt,how to import wav files into processing. how ,2026-08-02 14:37:30.479+00
8723ba56-f870-4797-8e77-9ce9361928d2,1142f088-0475-5367-98e0-aad6a178c561,2,task5,learnt,I learned how to change the sounds and make visuals and sound react to the dial. I learned how to implement ,2026-08-02 14:55:14.776+00
874cbb25-669b-40bd-a3cb-e1a25fc58c39,c3f22102-00d9-5f36-79b7-267eee5f1f0a,1,task2,understood,5,2026-08-02 11:07:59.452+00
874e4367-5ea5-440f-9867-7aa00937a4d6,3f73833c-ad7d-c3b6-b375-383e7eae4e29,2,exit,challenges,"Some shapes it struggled to understand, ",2026-08-02 15:03:48.205+00
874f2511-1722-484e-93c9-722c49ee9739,0c67f223-00bc-7ae4-f408-7e5114428ba6,1,pre,done_physical_computing,yes,2026-08-02 11:08:26.099+00
87512d83-dffa-45b9-a81b-34863cbfefc9,3f73833c-ad7d-c3b6-b375-383e7eae4e29,2,task5,understood,5,2026-08-02 15:01:13.072+00
87741403-03ef-4c19-8cf4-797aeacbd84c,0c67f223-00bc-7ae4-f408-7e5114428ba6,2,task4,learnt,I was not able to put this task into practice as I did not have sound files.,2026-08-02 14:38:58.113+00
8776ed1f-513b-4298-a206-a9fc7a0367b8,0c67f223-00bc-7ae4-f408-7e5114428ba6,2,task2,learnt,I learned to access and upload libraries on Arduino and Processing. Setting up both hardware and software is not complicated but not straightforward either. ,2026-08-02 13:08:58.236+00
87af412c-3095-4686-a1ba-c8458f46fcd2,c3f22102-00d9-5f36-79b7-267eee5f1f0a,2,task1,learnt,"I used Processing for the first time, it was easy to get started and move beyond basic shapes and colours The Sculpting Code tool was a fantastic way to experiment with more complex shapes and forms without 'thinking in code'. ",2026-08-02 12:02:18.556+00
87b521f3-3fca-4c1e-8d2f-bea0ab8cc153,96917aa5-e2a8-dae4-3b0f-70179ab41e8d,1,task3,learnt,how to cnn,2026-08-01 14:26:03.589+00
87d3eb1a-d212-4de4-b6f1-2e0b27818cd3,dd32a375-a1f4-cfb5-1eb3-51f0ef6afd91,2,task2,learnt,setting up the arduino to be controlled by our program in processing. we needed to download a specific library in both the arduino environment and processing. we found how to make sure that processing could see and accept input from the arduino. we used a program in processing to accept input from the knob connected to the arduino to control aspects of the v,2026-08-02 13:09:18.205+00
87e6a127-cea3-4149-817b-b708938c4046,0c67f223-00bc-7ae4-f408-7e5114428ba6,2,task1,learnt,I familiarised myself with basic functions in processing and how sequencing of code and placing it within void setup or ,2026-08-02 12:02:53.885+00
87f2eb3b-3fc9-479e-8558-d2e1fb83bd53,48a390b2-f05b-58e0-01c4-88992742c5d5,2,task3,learnt,Using different coding to manipulate images,2026-08-02 13:31:27.515+00
8839a1e3-9712-460a-b082-a0e05898d9ec,b2276154-9082-b9d5-34fd-c8c0006f10f2,2,task4,understood,3,2026-08-02 14:37:07.387+00
8859b931-06fa-456d-b791-39b509b667bd,b2276154-9082-b9d5-34fd-c8c0006f10f2,2,task2,learnt,Figured out how to incorporate arduino and processing by ensuring that the relevant libraries are installed so that the programs can speak to each other. This way we are now able to use the ar,2026-08-02 13:07:22.261+00
88606b15-27df-426e-a2c6-9d9a846889df,b2276154-9082-b9d5-34fd-c8c0006f10f2,2,task1,learnt,How to create images and basic shapes using code and how to use a third-party software/,2026-08-02 12:01:38.295+00
8896cfcc-c3dd-4a60-a9b2-a738f8136979,0c67f223-00bc-7ae4-f408-7e5114428ba6,2,task2,learnt,I learned to access and upload libraries on Arduino and Processing. Setting up both ,2026-08-02 13:08:17.139+00
88cb464a-8712-41e3-b72f-99e40645bb45,b08cbec8-5361-79aa-b266-abaa03aa0a97,1,task3,understood,5,2026-08-01 14:23:40.698+00
893a314d-128c-4fe8-9070-2171385ba358,dd32a375-a1f4-cfb5-1eb3-51f0ef6afd91,2,exit,challenges,i think it would be good to have a little animation that runs to gi,2026-08-02 15:03:13.265+00
89638447-b4a1-4743-9c2a-3ec63943c340,c3f22102-00d9-5f36-79b7-267eee5f1f0a,1,pre,confidence_processing,2,2026-08-01 11:19:40.084+00
898ce1b2-c2c8-4c69-bdcc-d7e1503193a6,3f73833c-ad7d-c3b6-b375-383e7eae4e29,2,task5,learnt,"assigning sounds to visuals, controlling both or eithe",2026-08-02 15:01:31.293+00
8a2d3e4d-31c0-4d53-ba3d-98174eb9b3eb,3f73833c-ad7d-c3b6-b375-383e7eae4e29,2,task4,learnt,how to import audio into sketch and how the manual dial can affect different ,2026-08-02 14:38:57.996+00
8ac08842-32f0-413e-b704-ccdb22d354b7,48a390b2-f05b-58e0-01c4-88992742c5d5,2,task3,learnt,Using different coding to man,2026-08-02 13:31:19.189+00
8adbd715-5cdf-4611-b866-f5f0fb7375b1,0c67f223-00bc-7ae4-f408-7e5114428ba6,2,task3,understood,4,2026-08-02 13:47:56.583+00
8ae9e0e1-f409-4280-a61f-e649b822f364,3f73833c-ad7d-c3b6-b375-383e7eae4e29,2,task3,learnt,"Really cool to begin to understand what the values mean, how to control x and y axes and colours, it's a trial and error but in a really enjoyable way",2026-08-02 14:38:34.19+00
8b9fb005-3457-4489-85c2-fef702e2eb6e,0c67f223-00bc-7ae4-f408-7e5114428ba6,1,exit,worked_well,Everything else worked. ,2026-08-02 11:08:26.099+00
8ba1240a-2b39-48f8-95f4-857bee35b675,48a390b2-f05b-58e0-01c4-88992742c5d5,1,pre,done_creative_coding,no,2026-08-02 12:05:30.843+00
8bab7e78-bb77-4542-b346-849c438d626b,fa81bca3-a30c-be64-b71d-df2a1287f8d5,1,pre,confidence_circuits,3,2026-08-01 11:20:24.334+00
8bc7b6ea-8f9a-48ec-91a3-dcd9c8fb4a07,0c67f223-00bc-7ae4-f408-7e5114428ba6,2,task1,learnt,I familiarised myself with basic functions in processing and how sequencing of code and placing it within void setup or draw can impact the visual. ,2026-08-02 12:03:25.015+00
8bffb870-0f07-4294-bf99-c0a7cbdac593,dd32a375-a1f4-cfb5-1eb3-51f0ef6afd91,2,task1,learnt,basic code structure in processing. how to make a ,2026-08-02 12:01:26.131+00
8c4bb633-a268-4766-b76a-f6eb0ed1d817,aebaf27f-3b1e-d8ea-38c0-1f9f35f1be1b,2,exit,confidence_troubleshoot_circuits,3,2026-08-02 15:04:26.214+00
8c5bd39e-5652-42ac-b87a-12c276e81d27,331e64a9-20ea-b8b6-0cf8-34a07c2ab075,2,task4,learnt,"learned about controlling audio with physical dials, using pro",2026-08-02 14:37:31.637+00
8c6bec53-1694-4816-9439-f4f2f923d083,331e64a9-20ea-b8b6-0cf8-34a07c2ab075,1,exit,challenges,"N/A, didn't use shield",2026-08-01 14:24:57.453+00
8c7e4b6c-8ee4-4f01-8346-8f2f5015b2bb,3f73833c-ad7d-c3b6-b375-383e7eae4e29,2,task4,learnt,how to import audio into sketch and how ,2026-08-02 14:38:51.835+00
8c89e279-c9de-4a58-8329-12c4964e5346,c3f22102-00d9-5f36-79b7-267eee5f1f0a,2,task1,learnt,"I used Processing for the first time, it was easy to get",2026-08-02 12:01:27.194+00
8c8e554d-5d90-4007-ba3e-8028e7ead17d,b2276154-9082-b9d5-34fd-c8c0006f10f2,2,task1,learnt,How to create images and basic shapes using code and how to use a third-party software that allows one to transform shapes and drawings into approximate ,2026-08-02 12:02:06.098+00
8d246d85-ef26-4dd2-ad00-8977729e1dab,3f73833c-ad7d-c3b6-b375-383e7eae4e29,2,task1,learnt,how t,2026-08-02 12:01:25.229+00
8d3646ca-bcae-4d4c-9623-e05c40fc8d66,0c67f223-00bc-7ae4-f408-7e5114428ba6,2,task1,learnt,"I familiarised myself with basic functions in processing and how sequencing of code and placing it within void setup or draw can impact the visual. I also worked with sculpting app; it is a useful app, but I am not sure how interact with it to adapt the visual. Should I use the prompt or change the code?",2026-08-02 12:05:08.103+00
8d3d619e-48a3-4b37-8fd6-4a0f747f8039,0c67f223-00bc-7ae4-f408-7e5114428ba6,2,task4,understood,2,2026-08-02 14:37:14.929+00
8d7a8715-3078-4f56-9cc4-d00d0482b499,1142f088-0475-5367-98e0-aad6a178c561,2,task5,learnt,I learned how to ,2026-08-02 14:54:44.341+00
8d9226de-3035-40bd-8255-2db06ce8bf57,c3f22102-00d9-5f36-79b7-267eee5f1f0a,2,task1,learnt,"I used Processing for the first time, it was easy to get started and move beyond basic shape",2026-08-02 12:01:35.632+00
8da00a78-b74e-4a88-bcbc-74c2772b0458,331e64a9-20ea-b8b6-0cf8-34a07c2ab075,1,exit,confidence_troubleshoot_circuits,3,2026-08-01 14:25:11.447+00
8e229889-4676-4ea8-ae0c-fc31366ed1dc,48a390b2-f05b-58e0-01c4-88992742c5d5,2,task4,learnt,Using arduino to manipulate sound files,2026-08-02 14:37:33.624+00
8e5b12fd-e244-45b6-bf84-d276f4cebdf2,dd32a375-a1f4-cfb5-1eb3-51f0ef6afd91,1,exit,worked_well,having the leds for visual feedback,2026-08-02 11:08:38.932+00
8e6d189e-0097-4587-a9fa-86535d88389d,c3f22102-00d9-5f36-79b7-267eee5f1f0a,2,task2,learnt,I learned how to use the Firmata library on the Arduino to work as an input into Processing. ,2026-08-02 13:07:05.845+00
8e718e43-3f3c-4968-8028-9b7fb379431a,0c67f223-00bc-7ae4-f408-7e5114428ba6,2,task1,learnt,I familiarised myself with basic functions in the ,2026-08-02 12:02:25.674+00
8e7dc936-0a61-499e-981c-cafcfb4254a1,c3f22102-00d9-5f36-79b7-267eee5f1f0a,2,task1,understood,4,2026-08-02 12:01:15.464+00
8eb98366-13c1-4c52-9df0-4c624861c088,aebaf27f-3b1e-d8ea-38c0-1f9f35f1be1b,2,task5,learnt,"Combining audio and visual together, made me think about additional parameters and sound choices more, the interaction between the two, very cool",2026-08-02 15:01:52.391+00
8eed65fb-c04a-4d62-9e89-76e0d42737fa,1142f088-0475-5367-98e0-aad6a178c561,2,task4,learnt,Learned how to implement sound. I learned how to put my audio files into processing and how to use a controller to cycle through h,2026-08-02 14:37:37.458+00
8f0e15bf-e164-49c4-97a7-153f454d5b06,3f73833c-ad7d-c3b6-b375-383e7eae4e29,1,pre,confidence_troubleshoot_code,1,2026-08-02 11:07:57.202+00
8f5c5314-1ae0-4544-97a2-a37d04437407,3f73833c-ad7d-c3b6-b375-383e7eae4e29,2,task1,learnt,"creating shapes in Processing, using mousex and mouse",2026-08-02 12:02:00.909+00
8f603fac-238e-4b51-9c78-1781ad65e922,0c67f223-00bc-7ae4-f408-7e5114428ba6,2,task3,learnt,Learned to ,2026-08-02 13:49:50.336+00
8f6901cc-12f3-45e4-962e-a6a6f202f420,dd32a375-a1f4-cfb5-1eb3-51f0ef6afd91,2,task3,learnt,played a bit with the ,2026-08-02 13:31:30.628+00
8fb69543-488e-4d5a-82b9-85e76dd5411f,3f73833c-ad7d-c3b6-b375-383e7eae4e29,2,task1,learnt,"creating shapes in Processing, using track pad to control ",2026-08-02 12:02:10.013+00
8fc7f785-f64b-4de6-9fec-fa086e55ee35,48a390b2-f05b-58e0-01c4-88992742c5d5,1,task2,learnt,Clear understanding of what the code does,2026-08-01 13:03:30.346+00
8fd8b3f8-c683-4c8d-b647-fdb363743fae,48a390b2-f05b-58e0-01c4-88992742c5d5,2,exit,worked_well,The creator tool and decriptio of the code is excellent and is a very good vius,2026-08-02 15:02:19.263+00
8fdf7451-cd44-46c0-9eda-a7e0307f26db,3f73833c-ad7d-c3b6-b375-383e7eae4e29,2,exit,confidence_circuits,4,2026-08-02 15:05:53.57+00
8fe72a1d-9421-4882-afd7-fb134179218e,41ae0b9b-1f44-8d29-c33b-63304e77ce38,1,exit,confidence_circuits,3,2026-08-01 14:28:10.734+00
8ffc75bd-24f7-444d-a4db-27bc9a1c2720,0c67f223-00bc-7ae4-f408-7e5114428ba6,1,task2,understood,5,2026-08-02 15:06:17.42+00
90137434-7431-4312-be8e-57a3e6f57042,c3f22102-00d9-5f36-79b7-267eee5f1f0a,2,task2,learnt,I learned how to use the firmata library on the Arduino to work as an input into Processing. ,2026-08-02 13:06:47.589+00
90146142-116f-45bf-aa76-681a89731918,1142f088-0475-5367-98e0-aad6a178c561,2,task5,learnt,I learned how to change the sounds and make visuals and sound react to the dia,2026-08-02 14:55:04.849+00
90474b70-6c45-43f6-8be6-8f8efed77029,c3f22102-00d9-5f36-79b7-267eee5f1f0a,1,exit,worked_well,"I liked being able to see immediately what ports were in use, and the relative magnitude of the values being read or written.",2026-08-02 11:07:59.452+00
905c2e14-aee9-4863-95f6-807e057fcf77,a85b7bff-098d-7182-6dd1-f509e1c4a3be,1,exit,confidence_arduino,3,2026-08-02 11:08:43.208+00
90c4e681-e23c-4614-a546-a46d4a804a21,70d65ebf-28eb-e1e2-ec23-8e8a381f2f32,2,task2,learnt,"this is a test entry ignore.

checking functionality clears text area and still saves long paragraphs yes it does",2026-08-02 11:07:47.058+00
90e7e79e-f8db-4882-ba7d-ea17d85f5191,0c67f223-00bc-7ae4-f408-7e5114428ba6,2,task3,learnt,"Learned to modify input control and graphic, but mainly through changing numbers between brackets and looking up information in Processing reference guides, not through the sculpting code app.",2026-08-02 13:51:30.303+00
90edd7cb-ff68-45c7-9d91-97bb33038c96,1142f088-0475-5367-98e0-aad6a178c561,2,task2,learnt,How to connect arduino to processing and ,2026-08-02 13:11:06.416+00
90ff09f8-75f5-44db-b7c7-ad839ea63212,3f73833c-ad7d-c3b6-b375-383e7eae4e29,2,task5,learnt,"assigning sounds to visuals, controlling both or either with manual ",2026-08-02 15:01:34.634+00
91104119-1afd-4f21-a4b8-1b28d455d821,0c67f223-00bc-7ae4-f408-7e5114428ba6,2,task1,learnt,I familiarised myself with basic functions in processing and how sequencing of code and placing it within void setup or draw can impact the visual. I also worked with sculptin,2026-08-02 12:03:56.8+00
9124b843-fdb8-457f-b178-69eb9edb3d8f,331e64a9-20ea-b8b6-0cf8-34a07c2ab075,1,pre,done_creative_coding,no,2026-08-02 11:09:37+00
912ee1ec-65ac-4401-91ee-f5da7cddedf8,aebaf27f-3b1e-d8ea-38c0-1f9f35f1be1b,2,exit,improve,"I'm not sure, maybe an explanation with the question option? ",2026-08-02 15:04:10.569+00
9212d4f9-d99d-4b5a-a5a4-cb86248e9ef8,70d65ebf-28eb-e1e2-ec23-8e8a381f2f32,2,task2,learnt,"this is a test entry ignore.

checking functionality clears text area and still saves long paragraphs yes it does",2026-08-02 08:16:49.781+00
9214e463-4fb7-478b-b821-bbebe539468d,dd32a375-a1f4-cfb5-1eb3-51f0ef6afd91,2,task1,learnt,basic code structure in processing. how to make a b,2026-08-02 12:01:26.441+00
922ea5f3-c7a9-4ca1-a70f-035786eb0156,aebaf27f-3b1e-d8ea-38c0-1f9f35f1be1b,2,task2,learnt,"Difference between float and int (probably from task 1), ",2026-08-02 13:06:32.241+00
92416b86-ab90-4fa5-8728-3b1e5d06283f,dd32a375-a1f4-cfb5-1eb3-51f0ef6afd91,2,task2,learnt,setting up the arduino to be controlled by our program in processin,2026-08-02 13:07:06.24+00
9279d3b1-f6a1-4a28-ae65-75408c0cc874,a85b7bff-098d-7182-6dd1-f509e1c4a3be,2,task1,learnt,"basics of writing code into Processing, creating s",2026-08-02 12:02:05.107+00
9279f795-3a30-4386-a96f-1b69ede6686f,1142f088-0475-5367-98e0-aad6a178c561,2,task5,learnt,I learned how to change the sounds and make visuals and sound react to the ,2026-08-02 14:55:04.59+00
927c865d-2796-45c6-9529-a712187d221f,48a390b2-f05b-58e0-01c4-88992742c5d5,2,task5,learnt,Understanding how to combine audio clips and visuals using A,2026-08-02 15:01:17.562+00
928dd258-eaa5-42fa-8057-a3589410a7ba,dd32a375-a1f4-cfb5-1eb3-51f0ef6afd91,2,task2,learnt,setting up the arduino to be controlled by our program in processing. we needed to download a specific library in both ,2026-08-02 13:07:28.539+00
9296b52f-101c-4f79-ade7-d6e3e78b288b,3f73833c-ad7d-c3b6-b375-383e7eae4e29,2,task1,learnt,creating shapes in Processi,2026-08-02 12:01:53.616+00
92bfb7f2-e457-4679-b722-01a51cd79d95,c3f22102-00d9-5f36-79b7-267eee5f1f0a,1,task1,learnt,A reminder to close the programme when you get a strange error message!,2026-08-01 12:31:04.797+00
92e6f247-6d83-4cb8-963e-433f2869a8ab,3f73833c-ad7d-c3b6-b375-383e7eae4e29,2,task4,learnt,how to import audio into ,2026-08-02 14:38:48.527+00
93237630-0be3-46a0-b5f9-7cccc1dd6966,331e64a9-20ea-b8b6-0cf8-34a07c2ab075,1,exit,worked_well,"N/A, didn't use shield",2026-08-02 11:09:37.008+00
933ffbb9-5884-4088-b04a-6e23dc1948b5,48a390b2-f05b-58e0-01c4-88992742c5d5,2,task2,learnt,Learned how to control graphics using Arduino and nect Arduino to p,2026-08-02 13:08:16.069+00
934064d1-161a-4b11-b089-589a08306d30,be87efdd-774c-04ef-ce1f-854ca82a9753,2,task1,understood,5,2026-08-02 12:04:30.323+00
93633963-6e06-4780-a5f2-1ddfffc371fa,70d65ebf-28eb-e1e2-ec23-8e8a381f2f32,1,pre,done_physical_computing,yes,2026-07-31 19:10:55.808+00
9382fe89-49a9-43f3-a126-64ec3e2edf88,41ae0b9b-1f44-8d29-c33b-63304e77ce38,1,exit,ease,4,2026-08-03 17:06:51.298+00
9384ce62-7918-4675-b2ad-04361afc17ce,0c67f223-00bc-7ae4-f408-7e5114428ba6,1,exit,confidence_arduino,4,2026-08-02 11:08:26.099+00
9398f238-5478-4d74-a997-3b16ac272b16,c3f22102-00d9-5f36-79b7-267eee5f1f0a,2,task1,learnt,"I used Processing for the first time, it was ",2026-08-02 12:01:26.173+00
939aabcc-431c-4685-bf8c-772083806ed9,3f73833c-ad7d-c3b6-b375-383e7eae4e29,2,exit,challenges,"Wifi was a bit of a challenge, as was not having enough sounds already on my laptop. Sometimes not quite sure still wh",2026-08-02 15:03:10.727+00
93fb2c52-136a-4fc2-8084-6530bdbe1831,1142f088-0475-5367-98e0-aad6a178c561,2,task2,learnt,How to connect arduino to processing and use the dial to ,2026-08-02 13:11:09.824+00
9423f1ed-edbc-4e01-8af5-ccbb2d987d2a,48a390b2-f05b-58e0-01c4-88992742c5d5,1,exit,confidence_circuits,4,2026-08-02 12:05:30.843+00
9432dea1-7013-4e03-a399-71070adbc9d9,96917aa5-e2a8-dae4-3b0f-70179ab41e8d,1,task2,understood,4,2026-08-01 13:04:25.467+00
944a4ebe-b7f1-4a67-93ef-b1a9ee40df01,c3f22102-00d9-5f36-79b7-267eee5f1f0a,2,task1,learnt,"I used Processing for the first time, it was easy to get started and move beyond basic shapes and colours The Sculpting Code tool was a fantastic way to experiment with more complex shapes and forms without 'thinking in 'code'",2026-08-02 12:02:15.154+00
944c9a71-b9cc-4b97-86c5-30d8c6dc4331,c3f22102-00d9-5f36-79b7-267eee5f1f0a,1,pre,confidence_circuits,4,2026-08-01 11:19:44.485+00
944fa996-2c2a-4195-984c-195422d1376a,331e64a9-20ea-b8b6-0cf8-34a07c2ab075,1,exit,challenges,"N/A, didn't use shield",2026-08-02 11:09:37.008+00
94685f51-033b-4a6a-acf0-13f1cc4a69ec,1142f088-0475-5367-98e0-aad6a178c561,2,exit,worked_well,Everything. It interpreted all images in a r ,2026-08-02 14:56:18.493+00
94e692d2-0232-43c5-a574-e5b719f3dae7,0c67f223-00bc-7ae4-f408-7e5114428ba6,2,task1,learnt,I familiarised myself ,2026-08-02 12:02:19.474+00
94f943b0-1b19-4d02-8d7a-6bf085839818,0c67f223-00bc-7ae4-f408-7e5114428ba6,2,task4,learnt,I was not able to put this task into practice as I did not have a a,2026-08-02 14:38:52.894+00
951902d1-c891-4c89-8968-edf7923ec8ea,fa81bca3-a30c-be64-b71d-df2a1287f8d5,1,pre,done_creative_coding,no,2026-08-01 11:20:06.791+00
951f2bc2-cea2-4572-b052-98f9a5049dcf,48a390b2-f05b-58e0-01c4-88992742c5d5,2,task2,learnt,Learned how to control graphics using Arduino in collaboratoin with nect Arduino to p,2026-08-02 13:08:27.33+00
952633e6-f145-4ce0-bd3a-9572626e316d,aebaf27f-3b1e-d8ea-38c0-1f9f35f1be1b,2,exit,challenges,"Not any really, bit of a lag with the wifi but fairly intuitive, I liked ",2026-08-02 15:02:25.849+00
952c76ca-09ce-4fc5-a216-e915a9936e2b,b2276154-9082-b9d5-34fd-c8c0006f10f2,2,task1,learnt,How to create images and basic shapes using code and how to use a third-party software that allows one to transform shapes and drawings into approximate digital created images along with the relevant code to create that image. ,2026-08-02 12:02:21.115+00
9553aab1-81ea-4a15-89f9-e989c32acf74,0c67f223-00bc-7ae4-f408-7e5114428ba6,1,pre,done_physical_computing,yes,2026-08-02 15:06:17.42+00
9590a35f-6b85-4954-a236-7ddc5a15075a,331e64a9-20ea-b8b6-0cf8-34a07c2ab075,2,exit,confidence_circuits,3,2026-08-02 15:02:35.006+00
9598a05d-d16a-4382-972a-67350d29fd60,dd32a375-a1f4-cfb5-1eb3-51f0ef6afd91,2,task2,learnt,setting up the arduino to be controlled by our program in processing. we needed to download a specific library in both the arduino environment and processing. we found how to make sure that processing could see and accept input from the arduino. we used a program in processing to accept input from the knob connected to the arduino to control aspects of the visua,2026-08-02 13:09:19.18+00
95d6d00d-f078-4fd3-abec-a65f7f799fb8,dd32a375-a1f4-cfb5-1eb3-51f0ef6afd91,2,task2,learnt,setting up the arduino to be controlled by our program in processing. we needed to download a specific library in both the arduino environment and processing. we found how to make sure that processing c,2026-08-02 13:07:56.526+00
96328b00-06ca-484a-8a3f-e536b581fd98,0c67f223-00bc-7ae4-f408-7e5114428ba6,2,task2,learnt,I learned to download and use libraries to pinpoint ,2026-08-02 13:07:26.391+00
96395464-a553-405e-89ce-e1a585e5ad86,48a390b2-f05b-58e0-01c4-88992742c5d5,1,pre,confidence_circuits,4,2026-08-02 12:05:30.843+00
96545629-4354-418f-b8de-b8de5614269c,c3f22102-00d9-5f36-79b7-267eee5f1f0a,2,task3,learnt,It was good to try out diferent ways of playing with size and shape using the arduino as an input,2026-08-02 13:33:29.712+00
965a4510-5b47-4f8f-8c62-70f8d3a1e125,fec64d1a-b0df-59db-b5b0-a8576f4a2ac1,2,task1,learnt,Create shapes a,2026-08-02 12:01:22.562+00
96bb88bd-16a9-4992-abe1-a7d14865e263,c3f22102-00d9-5f36-79b7-267eee5f1f0a,2,task4,understood,5,2026-08-02 14:38:20.352+00
974baad6-ddf6-4c67-aa09-1a8ffcaac79c,c3f22102-00d9-5f36-79b7-267eee5f1f0a,2,exit,improve,"Maybe a box within the camera's FOV to make it easier to align my items, and ",2026-08-02 15:01:25.213+00
97945010-0800-452a-a421-33c8f46777f7,c3f22102-00d9-5f36-79b7-267eee5f1f0a,2,exit,confidence_troubleshoot_code,5,2026-08-02 15:02:02.263+00
979741bc-2255-4401-9852-f6a850585578,c3f22102-00d9-5f36-79b7-267eee5f1f0a,2,task3,learnt,It was good to try out different ways of playing with size and shape using the arduino as an input. I'll make,2026-08-02 13:33:39.045+00
97b4dc77-c7c7-4b0b-b58d-d2295e0a4be0,48a390b2-f05b-58e0-01c4-88992742c5d5,2,task4,learnt,Using arduino to manipulate sound and ,2026-08-02 14:37:23.121+00
97cd39d4-4e3d-451b-a2f9-b890e01026d3,a85b7bff-098d-7182-6dd1-f509e1c4a3be,2,task4,understood,4,2026-08-02 14:37:30.443+00
982bf5f4-74eb-4ae3-b5cb-3ddb6b40ca48,1142f088-0475-5367-98e0-aad6a178c561,2,task1,understood,5,2026-08-02 12:02:02.97+00
986a7fb9-3b39-418d-8d08-2acb0084eb76,3f73833c-ad7d-c3b6-b375-383e7eae4e29,1,exit,ease,3,2026-08-02 11:07:57.194+00
986d5927-c57b-4ffb-ad29-303477a6db24,c3f22102-00d9-5f36-79b7-267eee5f1f0a,2,task5,learnt,I learned to ,2026-08-02 14:59:04.733+00
98947d77-579b-470a-9c55-c50a7055a74f,96917aa5-e2a8-dae4-3b0f-70179ab41e8d,1,task2,learnt,I learned how to use a shield and make the led fade up and down smoothly,2026-08-02 11:08:42.091+00
98c829de-e938-402c-8ccf-293714f508f6,fa81bca3-a30c-be64-b71d-df2a1287f8d5,1,exit,confidence_circuits,4,2026-08-01 14:26:09.702+00
99034ba1-546a-40aa-bbd9-139cedecde39,48a390b2-f05b-58e0-01c4-88992742c5d5,2,exit,improve,Being able to merge programs between processing and Sculpture,2026-08-02 15:05:57.365+00
9907697d-9bcc-4a38-ac8c-8ddf260048c9,c3f22102-00d9-5f36-79b7-267eee5f1f0a,1,exit,improve,Aligning the,2026-08-01 14:26:33.113+00
99270f06-534a-472b-b3cc-8bcaa9d3feb0,3f73833c-ad7d-c3b6-b375-383e7eae4e29,2,task1,learnt,"creating shapes in Processing, using ",2026-08-02 12:01:57.578+00
9933b1eb-34ce-4261-902d-131d213eb1f9,3f73833c-ad7d-c3b6-b375-383e7eae4e29,2,task3,understood,4,2026-08-02 14:38:01.719+00
993f2207-deb6-40fa-baab-7355eaa6151c,1142f088-0475-5367-98e0-aad6a178c561,2,task4,learnt,Learned how to implement sound. I learned how to put my audio files into processing and how to use a controller to cycle through them. ,2026-08-02 14:37:40.736+00
9960ed36-b687-45a5-976b-fd636e0dc526,3f73833c-ad7d-c3b6-b375-383e7eae4e29,2,task1,learnt,"creating shapes in Processing, using mouse",2026-08-02 12:01:58.851+00
996a29f7-ee52-43e2-adcd-309f6b438033,b2276154-9082-b9d5-34fd-c8c0006f10f2,2,exit,challenges,Couldn't change which camera i used on the phone. ,2026-08-02 15:01:49.054+00
9981b431-c8cd-4231-85fc-d91b63630947,0c67f223-00bc-7ae4-f408-7e5114428ba6,2,task3,learnt,"Learned to modify input control and graphic, but mainly through changing numbers between brackets and looking up information in Processing reference guides. ",2026-08-02 13:51:11.072+00
99860ec8-4d35-4429-8ac9-e88334b630e7,b08cbec8-5361-79aa-b266-abaa03aa0a97,1,exit,improve,"I *think* arduino convention is to place the little bevelled tabs at the back of the board so you can line up boards by making sure the tabs are on the same side so that might be a thing to look into, I might be wrong though

Definitely could do with more labels for pinouts
maybe a power indicator or bigger power switch",2026-08-02 11:08:40.391+00
999992f1-868e-4dcf-9d84-a7d8c85edf15,aebaf27f-3b1e-d8ea-38c0-1f9f35f1be1b,2,task1,learnt,How to transla,2026-08-02 12:01:37.824+00
99a7c468-46a3-494a-8dd0-66a3899efabc,0c67f223-00bc-7ae4-f408-7e5114428ba6,1,pre,confidence_processing,1,2026-08-02 15:06:17.42+00
99b7867c-bc5c-4a94-b08c-d72828bec775,dd32a375-a1f4-cfb5-1eb3-51f0ef6afd91,2,task2,learnt,setting up the arduino to be controlled by our program in processing. we needed to download a speci,2026-08-02 13:07:22.03+00
99e41983-d98d-482d-8b65-3f19d9a532bc,1142f088-0475-5367-98e0-aad6a178c561,2,exit,worked_well,Everything. It interpreted all images in a  ,2026-08-02 14:56:18.379+00
99fdd690-a137-42b8-94cd-ccf3f62c7f5e,aebaf27f-3b1e-d8ea-38c0-1f9f35f1be1b,2,task4,understood,4,2026-08-02 14:37:25.307+00
9a04ba39-0ad8-4c74-b7dd-fa0e4938d6a8,331e64a9-20ea-b8b6-0cf8-34a07c2ab075,1,pre,confidence_circuits,2,2026-08-01 11:20:17.806+00
9a4ee84d-4b68-4d0e-beca-a641b06e1d9a,dd32a375-a1f4-cfb5-1eb3-51f0ef6afd91,1,exit,confidence_arduino,4,2026-08-01 14:27:56.398+00
9a62c93b-8b56-4099-84fd-5a314f212795,0c67f223-00bc-7ae4-f408-7e5114428ba6,2,task2,learnt,I learned to access and upload libraries ,2026-08-02 13:07:57.376+00
9a6d26f9-75d0-413d-81c9-a0a95c853f72,0c67f223-00bc-7ae4-f408-7e5114428ba6,2,task2,learnt,I learned to access and upload libraries on Arduino and Processing. Setting up ,2026-08-02 13:08:12.588+00
9ac262f6-6e5f-498b-8cce-ea2e93e82111,331e64a9-20ea-b8b6-0cf8-34a07c2ab075,1,exit,improve,"N/A, didn't use shield",2026-08-01 14:25:01.489+00
9ac6f9d5-4a80-4d15-8efc-9c0fc13adce2,aebaf27f-3b1e-d8ea-38c0-1f9f35f1be1b,2,task1,learnt,"How to translate shapes and colours into code using processing, language is adaptable, how to use the mouse as a control, ",2026-08-02 12:02:09.958+00
9ac9c17a-4616-460b-a2e9-c6825026138b,b08cbec8-5361-79aa-b266-abaa03aa0a97,1,pre,confidence_arduino,5,2026-08-01 11:19:52.761+00
9acce0e2-0bce-40fe-b12f-2b5c2a62b557,a85b7bff-098d-7182-6dd1-f509e1c4a3be,2,task3,learnt,How ,2026-08-02 13:07:11.17+00
9b23af60-d226-4c09-80e7-ad6af8bf21ae,48a390b2-f05b-58e0-01c4-88992742c5d5,2,task2,learnt,Learned how to connect arduino to p,2026-08-02 13:07:26.545+00
9b24c400-ec94-4b5d-8f69-cc9b2e47acc9,48a390b2-f05b-58e0-01c4-88992742c5d5,2,exit,confidence_troubleshoot_circuits,4,2026-08-02 15:06:25.164+00
9b50d440-4c4c-4455-98c2-c8fd434a4242,1142f088-0475-5367-98e0-aad6a178c561,2,exit,challenges,None it was actually so amazing and in,2026-08-02 14:55:45.38+00
9b8c679e-bf6a-4077-9085-5025895c5fd6,be87efdd-774c-04ef-ce1f-854ca82a9753,2,task1,learnt,how to use processing and draw sculpt code,2026-08-02 12:02:54.423+00
9b993936-6b5d-4e1c-a2b8-4e08838b5c97,0c67f223-00bc-7ae4-f408-7e5114428ba6,2,task4,learnt,I was not able to put this task into practice as I did not have a ,2026-08-02 14:37:58.797+00
9ba80620-5a50-49d4-995a-a200c2630c6d,a85b7bff-098d-7182-6dd1-f509e1c4a3be,1,pre,confidence_troubleshoot_code,1,2026-08-01 11:20:26.655+00
9bea50d0-d97b-4be5-8435-be9aa3d66d02,b2276154-9082-b9d5-34fd-c8c0006f10f2,2,task3,learnt,Learned how to adjust part of the code to generate different images. ,2026-08-02 13:30:37.096+00
9c02339b-34a4-4414-a3cc-537908c43068,aebaf27f-3b1e-d8ea-38c0-1f9f35f1be1b,2,exit,worked_well,"As above, ",2026-08-02 15:02:57.738+00
9c4f1cb2-9b89-4d0e-ade7-b3ccfd6031ad,0c67f223-00bc-7ae4-f408-7e5114428ba6,2,task3,learnt,"Learned to modify input control and graphic, but mainly through changing numbers between brackets and looking up information in Processing reference guides, not through the sculpting code app.",2026-08-02 15:06:17.419+00
9c64b38e-f04a-49f5-8b8d-93cb807221f3,41ae0b9b-1f44-8d29-c33b-63304e77ce38,1,task1,understood,4,2026-08-01 12:30:43.923+00
9c808bf8-94ba-4cbf-97a2-9149559b7400,3f73833c-ad7d-c3b6-b375-383e7eae4e29,2,task5,learnt,"assigning sounds to visuals, controlling both or ",2026-08-02 15:01:30.641+00
9cea6459-9f34-4739-ab4d-fc0063ced847,5b6c5fa9-29f7-4e44-bb90-a2979152873f,1,exit,kept,lights,2026-07-26 19:41:53.071+00
9d04ce27-8189-4f82-8b56-8bbd32929395,1142f088-0475-5367-98e0-aad6a178c561,2,task3,understood,5,2026-08-02 13:30:14.26+00
9d2d7838-07f2-4fee-b09e-a41cd3fe8351,3f73833c-ad7d-c3b6-b375-383e7eae4e29,2,task5,learnt,"assigning sounds to visuals, controlling both or either with",2026-08-02 15:01:31.958+00
9d4a1f41-bbb5-4368-80a6-b9dfbaeef33f,b08cbec8-5361-79aa-b266-abaa03aa0a97,1,pre,confidence_processing,2,2026-08-02 11:08:40.391+00
9d63d18d-a0f2-4dd1-b33c-cfad793533a4,3f73833c-ad7d-c3b6-b375-383e7eae4e29,2,task5,learnt,"assigning sounds to visuals, controlling both or either with manual dial, t",2026-08-02 15:01:47.964+00
9d9adb28-16d7-4300-8d5d-736a8aedbd79,c3f22102-00d9-5f36-79b7-267eee5f1f0a,2,task3,learnt,It was good to try out different ways of playing with size and shape using the arduino as an input,2026-08-02 13:33:30.963+00
9da12c4b-7a43-4c2b-9be1-a06fa3199a81,dd32a375-a1f4-cfb5-1eb3-51f0ef6afd91,2,task2,learnt,setting up the arduino to be controlled by our program in processing. we needed to download a specific library in both the arduino environment and processing. we found how to make sure that processing could see and control the ar,2026-08-02 13:08:04.392+00
9de593e1-4f65-4386-9e14-47ff6a6f3bd8,41ae0b9b-1f44-8d29-c33b-63304e77ce38,1,pre,done_physical_computing,no,2026-08-01 11:19:40.991+00
9def9b46-d2ad-47a3-be3f-50be8e79e1a2,dd32a375-a1f4-cfb5-1eb3-51f0ef6afd91,2,task2,learnt,setting up the ar,2026-08-02 13:06:46.124+00
9e0fb61b-21a7-420c-a215-1ce5b6e8d716,a85b7bff-098d-7182-6dd1-f509e1c4a3be,1,pre,confidence_processing,2,2026-08-01 11:20:15.055+00
9e41c5d5-5c07-4716-b10c-cadfb0fc886c,1142f088-0475-5367-98e0-aad6a178c561,2,exit,worked_well,Everything. It interpreted all images in a really imaginative and co,2026-08-02 14:56:40.971+00
9e7e99a1-aa13-4b6d-bf85-7d09b497025b,1142f088-0475-5367-98e0-aad6a178c561,2,task2,learnt,How to connect arduino to processing and use the dial to affect the size and colour of the circle. Also I can use my hands ,2026-08-02 13:11:34.253+00
9e8f9b9a-899d-4696-99bf-9280b28687c9,fec64d1a-b0df-59db-b5b0-a8576f4a2ac1,2,task2,learnt,Learned how to connect Arduino to Processing and control the parameters of objects ,2026-08-02 13:07:08.508+00
9e9a2eec-0431-48ba-94b2-7ceb0815596f,3f73833c-ad7d-c3b6-b375-383e7eae4e29,2,exit,ease,4,2026-08-02 15:03:38.843+00
9eaa00a0-ceca-47fe-b586-d6478e704517,3f73833c-ad7d-c3b6-b375-383e7eae4e29,1,task1,understood,4,2026-08-01 12:30:46.669+00
9eb027e7-e207-40cc-8dfc-d12e35b104ee,5b6c5fa9-29f7-4e44-bb90-a2979152873f,1,task3,difficulty,2,2026-07-26 19:41:45.178+00
9ece04b9-2d5c-46d3-9116-20c846cbb7ad,48a390b2-f05b-58e0-01c4-88992742c5d5,1,task2,understood,5,2026-08-02 12:05:30.843+00
9f54d125-e5ea-437c-b08d-7cf036a2d39f,0c67f223-00bc-7ae4-f408-7e5114428ba6,1,exit,confidence_troubleshoot_code,4,2026-08-02 15:06:17.42+00
9f8828dc-4d77-479b-9d5d-79b672ad91a7,dd32a375-a1f4-cfb5-1eb3-51f0ef6afd91,2,task2,learnt,setting up the arduino to be controlled by our program in processing. we needed to download a specific library in both the arduino environment and processing. we found how to make sure that processing could see and accept input and control the arduino,2026-08-02 13:08:21.547+00
9fc07650-55ef-4dc7-a959-45b100354a6e,fec64d1a-b0df-59db-b5b0-a8576f4a2ac1,2,task2,learnt,Learned how to connect Arduino to Processing,2026-08-02 13:06:24.744+00
9ffaee87-d376-46d2-9038-f1cc6fb38cab,c3f22102-00d9-5f36-79b7-267eee5f1f0a,2,task4,learnt,It was cool to ,2026-08-02 14:38:22.821+00
9ffb4ed6-7986-4509-9717-7c20d3f837ed,48a390b2-f05b-58e0-01c4-88992742c5d5,2,task2,learnt,Learned how to control graphics using Arduino in collaboratoin with Processing. ,2026-08-02 13:08:35.433+00
a004096c-da40-4ae0-9c35-d7fb45e1aa4a,b2276154-9082-b9d5-34fd-c8c0006f10f2,1,pre,done_creative_coding,no,2026-08-02 11:09:37.659+00
a0233637-755a-4fb9-bd92-bf814e842ab9,3f73833c-ad7d-c3b6-b375-383e7eae4e29,1,pre,confidence_troubleshoot_circuits,1,2026-08-01 11:20:26.452+00
a02f89d8-3848-44e3-9785-3a65114e4ce4,b2276154-9082-b9d5-34fd-c8c0006f10f2,2,task3,understood,4,2026-08-02 13:30:24+00
a079909b-e7c1-4e56-9c6c-50977d761a29,331e64a9-20ea-b8b6-0cf8-34a07c2ab075,2,task2,learnt,connecting ,2026-08-02 13:06:56.069+00
a0b72c86-5d06-4a18-b49b-58875428cd2e,c3f22102-00d9-5f36-79b7-267eee5f1f0a,2,exit,confidence_processing,3,2026-08-02 15:01:57.77+00
a0d73c63-26c8-4058-b6eb-c5838ad02714,aebaf27f-3b1e-d8ea-38c0-1f9f35f1be1b,2,task5,learnt,Combing audio and ,2026-08-02 15:01:14.123+00
a0d903f8-41f1-42ed-b4e3-449888963283,fa81bca3-a30c-be64-b71d-df2a1287f8d5,1,exit,improve,Printing the pin values on the shield ,2026-08-01 14:25:13.125+00
a11f7cb2-d580-46f8-ae9a-2077551a25f1,5da8e228-6509-4568-9389-5c5d010c1e65,1,pre,hopes,A clearer sense of where to begin.,2026-07-26 19:36:51.758+00
a13c4d35-51cd-4b65-9db0-73595b8bf7c2,b2276154-9082-b9d5-34fd-c8c0006f10f2,1,exit,improve,"Working shield,",2026-08-02 11:09:37.659+00
a1456cc7-d23d-4fbf-be4c-6416ac7a0214,3f73833c-ad7d-c3b6-b375-383e7eae4e29,2,task5,learnt,assigning sounds to ,2026-08-02 15:01:22.714+00
a1672400-1688-437a-97da-39af84779836,c3f22102-00d9-5f36-79b7-267eee5f1f0a,2,task1,learnt,"I used Processing for the first time, it ",2026-08-02 12:01:25.595+00
a17001d6-235a-493e-8853-1423d6141f7a,96917aa5-e2a8-dae4-3b0f-70179ab41e8d,1,exit,ease,5,2026-08-02 11:08:42.091+00
a18992a4-51ba-40fd-944b-9c31bf07bee9,48a390b2-f05b-58e0-01c4-88992742c5d5,2,exit,challenges,Unsure how to transfer code between Sculpting website and Processing.,2026-08-02 15:02:00.878+00
a1c23413-3ac9-49ed-963a-d42c98670169,c3f22102-00d9-5f36-79b7-267eee5f1f0a,1,pre,done_physical_computing,yes,2026-08-02 11:07:59.448+00
a1fd4888-e41d-407e-b30c-49a83ac33bd8,fec64d1a-b0df-59db-b5b0-a8576f4a2ac1,2,exit,confidence_circuits,4,2026-08-02 15:03:30.842+00
a2102216-bbd5-49f9-ac52-8468b263e246,3f73833c-ad7d-c3b6-b375-383e7eae4e29,2,task4,learnt,how to import audio into sketch a,2026-08-02 14:38:50.633+00
a242b8d1-1478-4664-8294-2f028ac028c9,0c67f223-00bc-7ae4-f408-7e5114428ba6,2,exit,confidence_arduino,4,2026-08-02 15:05:53.68+00
a30d9ef6-2783-4206-8a6b-96dae282b6fc,70d65ebf-28eb-e1e2-ec23-8e8a381f2f32,1,pre,confidence_processing,2,2026-08-02 11:07:47.058+00
a30e3352-d6e8-4ecf-9b4c-c3a712ce7ed1,b2276154-9082-b9d5-34fd-c8c0006f10f2,2,exit,challenges,Couldn't change which camera i used on the phone. Wasn't always  ,2026-08-02 15:01:55.843+00
a392d878-8292-4e1a-bbb0-92173056dd9a,0c67f223-00bc-7ae4-f408-7e5114428ba6,2,task2,understood,5,2026-08-02 13:06:48.513+00
a3b7e271-fcca-410c-a383-79a0c37e857b,fec64d1a-b0df-59db-b5b0-a8576f4a2ac1,2,task1,learnt,Create shapes and position,2026-08-02 12:01:25.87+00
a3b9e762-8126-4255-8fc7-047bdd07a080,dd32a375-a1f4-cfb5-1eb3-51f0ef6afd91,2,task1,learnt,basic code structure in processing. how to make a basic iman,2026-08-02 12:01:28.733+00
a4046c4f-30d6-4372-b760-8029e70aa9b9,dd32a375-a1f4-cfb5-1eb3-51f0ef6afd91,2,task1,learnt,basic code structure in processi,2026-08-02 12:01:20.38+00
a4129cda-1a4a-4333-a0d1-f2c7d40aa24b,b2276154-9082-b9d5-34fd-c8c0006f10f2,2,task2,learnt,Figured out how to incorporate arduino and processing by ensuring that the relevant libraries are installed so that the programs can speak to each other. This way we are now able to use the ardu,2026-08-02 13:07:22.548+00
a42c6997-6140-4a12-88e3-390e4b3bd1a8,0c67f223-00bc-7ae4-f408-7e5114428ba6,2,task1,learnt,I familiarised myself with basic functions in processing and how sequencing ,2026-08-02 12:02:33.601+00
a448bf85-5db3-4bda-893a-7376d6db545c,aebaf27f-3b1e-d8ea-38c0-1f9f35f1be1b,2,task5,learnt,Combing audio and the ,2026-08-02 15:01:12.662+00
a454e570-3451-42f1-b92a-1aa6339b0711,3f73833c-ad7d-c3b6-b375-383e7eae4e29,1,task3,understood,5,2026-08-02 11:07:57.202+00
a49e4898-5644-4eeb-ab6f-8ce5dce68319,dd32a375-a1f4-cfb5-1eb3-51f0ef6afd91,2,exit,challenges,i think it would be good to have a little animation that runs to give confirmation to know when it is actively processing instru,2026-08-02 15:03:33.616+00
a4b595f7-5949-447d-b006-669bb3a36b5d,41ae0b9b-1f44-8d29-c33b-63304e77ce38,1,pre,confidence_troubleshoot_code,1,2026-08-01 11:20:11.469+00
a4cd7375-4f9a-48b1-ba06-12005c944996,1142f088-0475-5367-98e0-aad6a178c561,2,task1,learnt,"how to code in processing. Draw circles, change the colour and introduce some interactivity. ",2026-08-02 12:02:31.535+00
a4d477ec-52a6-4799-bae4-23c8697235f0,c3f22102-00d9-5f36-79b7-267eee5f1f0a,2,task4,learnt,"It was cool to use the rotary dial to make discrete selections, ",2026-08-02 14:38:45.644+00
a510a26a-f8c3-4606-830d-4bfb907bc3cd,fec64d1a-b0df-59db-b5b0-a8576f4a2ac1,2,task3,learnt,Manipulating parameters within Processing using analog output from Ard,2026-08-02 13:31:21.579+00
a539af5c-6fb0-4e1a-8517-55afd42f4509,aebaf27f-3b1e-d8ea-38c0-1f9f35f1be1b,2,exit,worked_well,"As above, I could add sections from this to my own processing sketch, bit of back and forth with issues but my own understanding is a bottleneck rather than the website.",2026-08-02 15:03:46.546+00
a53a0e31-2e51-4f57-8b58-a21a048ff714,0c67f223-00bc-7ae4-f408-7e5114428ba6,2,task5,learnt,I learned how to mix sound and visuals. ,2026-08-02 15:01:42.151+00
a546199b-24fe-49cc-8d85-22148a28dd66,331e64a9-20ea-b8b6-0cf8-34a07c2ab075,2,task5,learnt,meshing audio and visuals through code and hardware to produce audio-visuals!,2026-08-02 15:02:14.407+00
a55eddb4-7054-4732-8ca4-e9545362649f,fec64d1a-b0df-59db-b5b0-a8576f4a2ac1,2,task3,learnt,Manipulating parameters within Processing using analog output from Arduino.,2026-08-02 13:31:24.352+00
a58065df-76d0-4741-a76f-02507ded1909,331e64a9-20ea-b8b6-0cf8-34a07c2ab075,1,task1,understood,3,2026-08-01 12:33:01.295+00
a6173a5f-cb75-4907-acd0-76eb8eec8da2,c3f22102-00d9-5f36-79b7-267eee5f1f0a,2,task4,learnt,It was,2026-08-02 14:38:21.101+00
a6262114-62f5-420d-a42f-24cf3d7e1219,0c67f223-00bc-7ae4-f408-7e5114428ba6,2,task5,learnt,"I learned how to mix sound and visuals. I have not yet been able to use different sound files, but that would be great to useful. ",2026-08-02 15:06:17.42+00
a629a1b8-2d92-4a0d-821f-8cf996e5e4c0,0c67f223-00bc-7ae4-f408-7e5114428ba6,2,exit,challenges,I t,2026-08-02 15:03:18.512+00
a6338887-adf1-4d65-b33a-8584047a9154,331e64a9-20ea-b8b6-0cf8-34a07c2ab075,2,task4,learnt,learned about ,2026-08-02 14:37:16.903+00
a64a2e81-46a5-4820-a2a8-4dcd97a13bf1,a85b7bff-098d-7182-6dd1-f509e1c4a3be,2,task2,understood,4,2026-08-02 13:06:26.163+00
a67b61f7-31a8-4469-9ca2-cd66d62f39d6,3f73833c-ad7d-c3b6-b375-383e7eae4e29,2,task1,learnt,creating shapes in Processio,2026-08-02 12:01:52.748+00
a680f175-8d50-4a6d-b1c2-3cf7e8ffbf20,fec64d1a-b0df-59db-b5b0-a8576f4a2ac1,2,exit,challenges,It d,2026-08-02 15:02:15.467+00
a69dbd50-a88d-4133-bed9-4e68d5868419,5b6c5fa9-29f7-4e44-bb90-a2979152873f,1,task1,stuck1,not very,2026-07-26 19:41:36.039+00
a6c4b5f9-8ccb-4474-ab51-706d806fe78c,b08cbec8-5361-79aa-b266-abaa03aa0a97,1,pre,done_physical_computing,yes,2026-08-01 11:19:49.442+00
a6e12dd3-59f7-4b03-afb0-ef02a9189d90,b2276154-9082-b9d5-34fd-c8c0006f10f2,2,task4,learnt,How to integrate audio files into the processing environment and begin adjusting and manipulating these files ,2026-08-02 14:37:48.608+00
a6f1e47f-5eef-457b-ac86-ed2d8fc653f4,3f73833c-ad7d-c3b6-b375-383e7eae4e29,1,pre,confidence_troubleshoot_circuits,1,2026-08-02 11:07:57.202+00
a6f247b1-ddea-48d1-8e20-1583f3d98f70,3f73833c-ad7d-c3b6-b375-383e7eae4e29,2,task5,understood,4,2026-08-02 15:01:45.518+00
a743f2ed-4f81-45da-89b4-fac712204802,dd32a375-a1f4-cfb5-1eb3-51f0ef6afd91,2,task2,learnt,setting up the arduino to be controlled by our program in processing. we needed to download a ,2026-08-02 13:07:20.157+00
a753b2db-ba9f-46ae-b1b7-e156dd4c4cbf,a85b7bff-098d-7182-6dd1-f509e1c4a3be,2,task1,learnt,"basics of writing code into Processing, creating shapes and adding colours. ",2026-08-02 12:02:15.457+00
a791a545-bb12-460e-8a4e-94ff42616660,3f73833c-ad7d-c3b6-b375-383e7eae4e29,2,exit,challenges,"Wifi was a bit of a challenge, as was not having enough sounds already on my laptop. Sometimes not quite sure still which commands in the codes correlate to what action but that will just take pra",2026-08-02 15:03:32.141+00
a7925e1a-e8b2-4ebc-aa5e-5ce34d0b30cc,c3f22102-00d9-5f36-79b7-267eee5f1f0a,2,task1,understood,5,2026-08-02 12:01:17.907+00
a7b00b03-d2b7-43ed-bfbc-826618e4e8ca,a85b7bff-098d-7182-6dd1-f509e1c4a3be,1,task3,learnt,How to compoile and set up the breadboard,2026-08-02 11:08:43.208+00
a7d3d49b-f6da-46c7-8bc6-01ab9671e74d,48a390b2-f05b-58e0-01c4-88992742c5d5,1,task1,understood,5,2026-08-01 12:30:40.272+00
a7e282af-f48d-4c8a-9ae6-ca76755c4bf3,48a390b2-f05b-58e0-01c4-88992742c5d5,1,pre,confidence_troubleshoot_circuits,4,2026-08-02 12:05:30.843+00
a81151fc-1d81-4466-a627-451e4a2e09e7,b2276154-9082-b9d5-34fd-c8c0006f10f2,2,task1,learnt,How to create images and basic shapes using code an,2026-08-02 12:01:22.787+00
a832d4ef-7e92-4c80-a00f-f0b8a17cee7c,48a390b2-f05b-58e0-01c4-88992742c5d5,2,exit,worked_well,The creator tool and ,2026-08-02 15:02:08.061+00
a8531dd6-30c2-4d08-ae4f-02e20c9a617c,3f73833c-ad7d-c3b6-b375-383e7eae4e29,2,task1,learnt,,2026-08-02 12:01:26.413+00
a8905518-1cf4-4fd3-afc0-53994308752a,b2276154-9082-b9d5-34fd-c8c0006f10f2,1,pre,confidence_arduino,1,2026-08-02 11:09:37.659+00
a8933283-928a-467f-9eeb-84a804fc07a0,48a390b2-f05b-58e0-01c4-88992742c5d5,2,exit,worked_well,The creator tool and description of the code is excellent and is a very good means to see how it avisual description,2026-08-02 15:02:42.047+00
a8ee5f93-710f-4e0e-bd37-053d52880c1c,b2276154-9082-b9d5-34fd-c8c0006f10f2,1,exit,confidence_troubleshoot_circuits,2,2026-08-02 11:09:37.659+00
a909bc8b-40d5-4f3d-952e-55adfe4a1b63,3f73833c-ad7d-c3b6-b375-383e7eae4e29,1,exit,worked_well,"the on/off battery switch, the more obvious lights coming on to let you know when the physical and the coder weren't matching up",2026-08-02 11:08:10.903+00
a9127dd0-ad88-4af5-855f-25be30088b09,3f73833c-ad7d-c3b6-b375-383e7eae4e29,1,task1,learnt,"Coding commands, the concept of changing dela",2026-08-01 12:31:09.498+00
a9147baf-c6b1-4323-b9b3-80f31d60347f,dd32a375-a1f4-cfb5-1eb3-51f0ef6afd91,2,task4,understood,5,2026-08-02 14:37:09.486+00
a919e276-6b54-4ac4-872a-cc39bce52929,dd32a375-a1f4-cfb5-1eb3-51f0ef6afd91,2,task1,learnt,basic code structure in processing. how to make a basic image and adjust some attribu,2026-08-02 12:01:37.294+00
a95ed603-9f16-4194-847d-83403fcc1323,bb025e2a-d21c-48fa-8ac2-e0c46c0fd3f8,1,pre,done_physical_computing,yes,2026-07-27 20:54:34.323+00
a9752e8f-9a43-48cd-9345-f9bea934ebc0,0c67f223-00bc-7ae4-f408-7e5114428ba6,2,task1,learnt,I familiarised myself with basic functions in processing and how sequencing of code and placing it within void setup or draw can impact the ,2026-08-02 12:03:04.977+00
a9cf3a4d-bf71-4805-9ca1-fa73638655ed,0c67f223-00bc-7ae4-f408-7e5114428ba6,2,task1,learnt,"I familiarised myself with basic functions in processing and how sequencing of code and placing it within void setup or draw can impact the visual. I also worked with sculpting app; it is a useful app, but I am not sure how interact with it to adapt the visual.",2026-08-02 12:04:30.309+00
a9f70a38-faed-49c3-8a0f-378e9d264c30,3f73833c-ad7d-c3b6-b375-383e7eae4e29,2,task1,learnt,"creating shapes in Processing, using track pad to co",2026-08-02 12:02:09.121+00
aa503936-4a6d-4873-8637-fe028a0d0dd2,41ae0b9b-1f44-8d29-c33b-63304e77ce38,1,task3,understood,4,2026-08-01 14:20:29.713+00
aa5bf265-d9d0-454f-8b21-32fac808342c,dd32a375-a1f4-cfb5-1eb3-51f0ef6afd91,2,task2,learnt,setting up the arduino to be controlled by our program in processing. we needed to download a specific library in both the arduino environment and processing. we found how to make sure that processing could see and accept input from the arduino. we used a program in processing to accept input from the knob connected to the arduino to control aspects of the visual ,2026-08-02 13:09:19.384+00
aa82af6a-6864-4ba1-aa30-f6ed22aee6ec,dd32a375-a1f4-cfb5-1eb3-51f0ef6afd91,2,task2,learnt,setting up the arduino to be controlled ,2026-08-02 13:06:56.001+00
ab21410a-15ca-45df-8f1f-35f4aefefdc8,0c67f223-00bc-7ae4-f408-7e5114428ba6,2,exit,challenges,"The sculpting code app is well structured, but I am not sure how it is supporting ",2026-08-02 15:03:52.702+00
ab3a1602-25dc-49d3-9712-99cfa8bea0ef,0c67f223-00bc-7ae4-f408-7e5114428ba6,2,task5,learnt,"I learned how to mix sound and visuals. I have not yet been able to use different sound files, but that would be great to useuout. ",2026-08-02 15:02:59.942+00
ab82494a-3340-4e71-98bf-b1fd5f8611cc,48a390b2-f05b-58e0-01c4-88992742c5d5,2,exit,worked_well,The creator tool and decriptio of the code is ,2026-08-02 15:02:13.107+00
abe33c4c-1e0e-4fca-b693-89d63856ae5b,1142f088-0475-5367-98e0-aad6a178c561,2,exit,worked_well,Everything. It interpreted all images in a really imaganative and ,2026-08-02 14:56:24.966+00
abf0efe8-2f73-4dac-977e-f775f7f4b6c4,3f73833c-ad7d-c3b6-b375-383e7eae4e29,2,task2,learnt,how to connect Arduino with Processing. I do,2026-08-02 13:07:53.949+00
abfc41ce-71ee-40c9-a3bd-191608ad2214,0c67f223-00bc-7ae4-f408-7e5114428ba6,2,task1,learnt,"I familiarised myself with basic functions in processing and how sequencing of code and placing it within void setup or draw can impact the visual. I also worked with sculpting app; it is a useful app, but I am not sure how interact with it to adapt the visual. Should I use the",2026-08-02 12:04:59.957+00
ac0479a8-dce9-4b1f-bea6-de780cdeb0f4,fec64d1a-b0df-59db-b5b0-a8576f4a2ac1,2,task5,understood,5,2026-08-02 15:01:34.991+00
ac55f90c-d19b-4e0a-bcc8-7c283e0a7358,fa81bca3-a30c-be64-b71d-df2a1287f8d5,1,task3,learnt,U,2026-08-01 14:23:28.949+00
aca17266-5520-4bfd-b5fd-d7494f90c1e8,0c67f223-00bc-7ae4-f408-7e5114428ba6,2,task3,learnt,"Learned to modify input control and graphic, but mainly through changing ",2026-08-02 13:50:38.349+00
acc61273-5984-494c-9330-137f952fd39d,b2276154-9082-b9d5-34fd-c8c0006f10f2,1,pre,confidence_arduino,1,2026-08-01 11:20:13.988+00
ad473cb4-cae9-42ce-aaa3-0638947cdd05,c3f22102-00d9-5f36-79b7-267eee5f1f0a,2,exit,improve,Maybe a box within the camera's FOV to ,2026-08-02 15:01:19.596+00
ad63c97d-f997-4faa-b378-c0fdc3624bb8,3f73833c-ad7d-c3b6-b375-383e7eae4e29,1,exit,worked_well,"the on/off battery switch, the more obvious lights coming on to let you know when the physical and the coder weren't matching up",2026-08-02 11:07:57.201+00
ad98cb7d-f6f7-413b-a9ef-9803dd83cb8e,a85b7bff-098d-7182-6dd1-f509e1c4a3be,1,task1,learnt,How to ,2026-08-01 12:31:17.94+00
adb7b070-19be-49a5-b3ee-a91522a91fb0,331e64a9-20ea-b8b6-0cf8-34a07c2ab075,1,pre,confidence_processing,1,2026-08-02 11:09:37.007+00
adfe0c8e-a728-4022-ae68-0d0e40cc3337,0c67f223-00bc-7ae4-f408-7e5114428ba6,2,task1,learnt,"I familiarised myself with basic functions in processing and how sequencing of code and placing it within void setup or draw can impact the visual. I also worked with sculpting app; it is a useful app, but I am not sure how interact with it to adapt the visual. Should I use the app or ",2026-08-02 12:04:54.616+00
ae12bc0a-0609-4b0e-8a02-8167e446f309,a85b7bff-098d-7182-6dd1-f509e1c4a3be,1,exit,confidence_circuits,3,2026-08-02 11:08:43.208+00
ae200468-31c6-419a-82fa-f47abfc629f2,aebaf27f-3b1e-d8ea-38c0-1f9f35f1be1b,2,task2,learnt,Difference between float and int (probably from task 1) ,2026-08-02 13:06:30.606+00
ae27254b-56ed-462c-8eda-43ec47b1e409,70d65ebf-28eb-e1e2-ec23-8e8a381f2f32,1,task1,learnt,this is a test ignore the answer and the UUID . writing a long paragraph to test the methods and see if i can recover them at a later date.,2026-08-02 11:07:47.058+00
ae2d05b2-7e01-4844-81ce-66c78cea2fac,3f73833c-ad7d-c3b6-b375-383e7eae4e29,2,task5,learnt,"assigning sounds to visuals, controlling both or either wi",2026-08-02 15:01:31.724+00
ae38f567-540a-43a8-a675-1cfac62bf044,dd32a375-a1f4-cfb5-1eb3-51f0ef6afd91,2,task2,understood,5,2026-08-02 13:06:12.467+00
ae56dcd4-bdd1-4524-8759-e15c86de3091,48a390b2-f05b-58e0-01c4-88992742c5d5,2,exit,challenges,Unsure how to transfer code between ,2026-08-02 15:01:48.803+00
ae8130f6-1c19-4294-9c8b-484b9cd08e38,0c67f223-00bc-7ae4-f408-7e5114428ba6,2,task4,learnt,I was not able to put ,2026-08-02 14:37:48.015+00
aebc43a5-4d61-4a32-bb62-36967a2a0a0d,3f73833c-ad7d-c3b6-b375-383e7eae4e29,2,task4,learnt,how to import audio into sketch and ho,2026-08-02 14:38:51.537+00
aeef4985-17aa-4e8a-9310-e24bfa872cd4,3f73833c-ad7d-c3b6-b375-383e7eae4e29,2,exit,challenges,,2026-08-02 15:03:35.011+00
af4e00dd-b150-455d-b905-272285120269,96917aa5-e2a8-dae4-3b0f-70179ab41e8d,1,exit,confidence_troubleshoot_code,2,2026-08-02 11:08:42.091+00
af7931c7-4634-42ab-90a2-35c9f4797364,c3f22102-00d9-5f36-79b7-267eee5f1f0a,2,task4,learnt,"It was cool to use the rotary dial to make discrete selections, I liked adding in extra sounds and layering some of the ",2026-08-02 14:39:03.553+00
afd36a25-560f-4f60-94dc-3589d89d2fcb,dd32a375-a1f4-cfb5-1eb3-51f0ef6afd91,2,task3,learnt,played a bit with the code in processing to ,2026-08-02 13:31:39.329+00
afd7f3d4-fcc8-4c4a-b253-a7d9e2ae7c23,1142f088-0475-5367-98e0-aad6a178c561,2,exit,worked_well,Everything. It interpreted all images in a really imag ,2026-08-02 14:56:20.694+00
afe2a9c4-0223-488f-bc29-37b4ed320c6c,c3f22102-00d9-5f36-79b7-267eee5f1f0a,1,pre,confidence_troubleshoot_code,4,2026-08-02 11:07:59.452+00
afe69226-33f6-4d15-82f5-d085cb5eb1cd,a85b7bff-098d-7182-6dd1-f509e1c4a3be,2,task1,learnt,"basics of writing code into Processing, creating shapes and adding colours. How to use sculpting code app.",2026-08-02 12:02:57.433+00
affdbea3-1f16-4f35-8cb8-971dec00d2bf,3f73833c-ad7d-c3b6-b375-383e7eae4e29,2,exit,confidence_troubleshoot_circuits,3,2026-08-02 15:05:58.725+00
b033ad78-cd9a-47a7-a5e5-cd4be134c1e6,fec64d1a-b0df-59db-b5b0-a8576f4a2ac1,2,task3,understood,5,2026-08-02 13:30:25.68+00
b0542c3e-81ce-4295-856d-7671059afcb9,fec64d1a-b0df-59db-b5b0-a8576f4a2ac1,2,task3,learnt,Manipulating parameters within Processing using analog output from Ardu,2026-08-02 13:31:21.743+00
b07990ea-7e05-4b77-9eb3-c6967aed3f27,0c67f223-00bc-7ae4-f408-7e5114428ba6,1,exit,confidence_troubleshoot_circuits,4,2026-08-01 14:57:51.078+00
b0e550e3-6a53-4e2f-baf3-23aa13ab3e9e,aebaf27f-3b1e-d8ea-38c0-1f9f35f1be1b,2,task4,understood,3,2026-08-02 14:37:21.489+00
b1abffc0-7ade-4f1d-a271-4265913e74ea,fec64d1a-b0df-59db-b5b0-a8576f4a2ac1,2,task5,learnt,Bringing together audio and visual manipulation using controlleers,2026-08-02 15:02:00.296+00
b1cb635a-9054-4713-877c-dfcbabcdc9a5,c3f22102-00d9-5f36-79b7-267eee5f1f0a,1,pre,done_creative_coding,yes,2026-08-02 11:07:59.452+00
b1e197b4-3955-4fb8-b3a9-5d8829752757,b2276154-9082-b9d5-34fd-c8c0006f10f2,2,task1,learnt,How to create images and basic shapes using code and how to use a third-party software that allows one to transform shapes and drawings into approximate digital created images,2026-08-02 12:02:11.234+00
b228c2d7-eda3-4ddf-97d6-941a48bf3799,b2276154-9082-b9d5-34fd-c8c0006f10f2,1,task1,understood,4,2026-08-02 11:09:37.659+00
b24934bc-130c-4f94-8151-d7f8727a5db3,dd32a375-a1f4-cfb5-1eb3-51f0ef6afd91,2,task2,learnt,setting up the arduino to be controlled by our program in processing. we needed to download a specific library in both the arduino environment and processing. we found how to make sure that processing could see and control the ardui,2026-08-02 13:08:04.907+00
b27dfc97-2e50-4454-a5db-002108c4051f,dd32a375-a1f4-cfb5-1eb3-51f0ef6afd91,2,task4,learnt,how to import wav files into processing,2026-08-02 14:37:26.756+00
b2a84666-7bba-4c86-8d60-db432aa8208c,70d65ebf-28eb-e1e2-ec23-8e8a381f2f32,1,pre,confidence_troubleshoot_circuits,3,2026-08-02 08:03:05.513+00
b2ba3f84-ecfb-4a4c-918a-92fae62c05bb,0c67f223-00bc-7ae4-f408-7e5114428ba6,2,task5,learnt,"I learned how to mix sound and visuals. I have not yet been able to use different sound files, but that would be great to try out. ",2026-08-02 15:02:53.683+00
b2c73d29-1618-427c-a4e7-c3e08b57cb82,0c67f223-00bc-7ae4-f408-7e5114428ba6,2,exit,challenges,"The sculpting code app is well structured, but I am not sure how to best modify the visual repre",2026-08-02 15:04:29.979+00
b2d459d3-c30d-4953-8e08-04abeddba315,3f73833c-ad7d-c3b6-b375-383e7eae4e29,2,task5,learnt,"assigning sounds to visuals, controlling both or either with manual dial, tr",2026-08-02 15:01:47.703+00
b2d7aea8-54d7-42d7-88ce-a8e0acaced65,aebaf27f-3b1e-d8ea-38c0-1f9f35f1be1b,2,exit,confidence_arduino,4,2026-08-02 15:04:14.434+00
b2fc5c00-1a91-450a-b597-fcb976402476,48a390b2-f05b-58e0-01c4-88992742c5d5,1,exit,confidence_troubleshoot_code,4,2026-08-01 14:27:22.326+00
b3188735-90aa-4af4-9eba-9155c30e2f13,0c67f223-00bc-7ae4-f408-7e5114428ba6,2,exit,challenges,"The sculpting code app is well structured, but I am not sure how it is supp",2026-08-02 15:03:51.898+00
b4318589-9924-44d9-95e6-20b9b59b873d,0c67f223-00bc-7ae4-f408-7e5114428ba6,2,task1,learnt,I familiarised myself with basic functions in processing and how sequencing of code and placing ,2026-08-02 12:02:38.17+00
b4517dfa-4712-4d4b-b04f-a038a05584cd,48a390b2-f05b-58e0-01c4-88992742c5d5,2,exit,improve,Being able to merge programs bewtween prcessing and ,2026-08-02 15:05:49.428+00
b4765d82-d653-4607-92cf-3566f1030ecd,b2276154-9082-b9d5-34fd-c8c0006f10f2,1,task3,learnt,"When you are connecting up different components, you need to ensure that in the code the ranges are mapped onto each other so that the action taken on a component has an output that 'makes sense'",2026-08-02 11:09:37.659+00
b479f2ce-fefb-4398-b893-268efdbdd307,aebaf27f-3b1e-d8ea-38c0-1f9f35f1be1b,2,task2,learnt,Difference between flat and in,2026-08-02 13:06:17.879+00
b490414b-da83-411c-aa7d-31309af0875b,fa81bca3-a30c-be64-b71d-df2a1287f8d5,1,pre,done_physical_computing,no,2026-08-01 11:20:04.254+00
b4a1865c-8cb8-4586-8506-4c4a6f030ed9,aebaf27f-3b1e-d8ea-38c0-1f9f35f1be1b,2,exit,challenges,"Not any really, bit of a lag with the wifi but fairly intuitive, I liked pulling from generated code to supplement my processing",2026-08-02 15:02:41.132+00
b4df8c8c-24a5-4bd2-922e-ab53a962013f,fec64d1a-b0df-59db-b5b0-a8576f4a2ac1,2,exit,improve,Popping up a catch,2026-08-02 15:03:01.766+00
b4f6f3ef-46cd-45b1-a1ab-2e685901c82b,fec64d1a-b0df-59db-b5b0-a8576f4a2ac1,2,task1,learnt,Create shapes and positio,2026-08-02 12:01:25.75+00
b4fdad7a-e39c-4e5a-b1d2-d83fc37c486f,b2276154-9082-b9d5-34fd-c8c0006f10f2,1,exit,worked_well,It was passing signal at least.,2026-08-02 11:09:37.659+00
b549de4c-ef99-4f45-ac42-599bd290b9ec,48a390b2-f05b-58e0-01c4-88992742c5d5,2,task5,understood,4,2026-08-02 15:00:52.585+00
b5b51371-6e9d-4a10-bafb-337caa8d489a,5b6c5fa9-29f7-4e44-bb90-a2979152873f,1,task3,stuck3,end,2026-07-26 19:41:48.071+00
b5d201c9-1cbc-48bc-a624-02554cbe2f25,331e64a9-20ea-b8b6-0cf8-34a07c2ab075,2,task4,learnt,"learned about controlling audio with physical dials, using process",2026-08-02 14:37:33.696+00
b5f5f9fd-7a82-4916-afda-2d42596762a0,c3f22102-00d9-5f36-79b7-267eee5f1f0a,2,task1,learnt,"I used Processing for the first time, it was easy to get start",2026-08-02 12:01:28.015+00
b6352387-04cc-4e12-8341-01ccf610a57e,dd32a375-a1f4-cfb5-1eb3-51f0ef6afd91,2,task1,learnt,basic code structure in processing. how to make a basic image and adjust some attributes of s,2026-08-02 12:01:38.672+00
b636603d-2be4-4a56-92c1-7180e405c2f3,b2276154-9082-b9d5-34fd-c8c0006f10f2,2,task3,learnt,Learned how to adjust part of the code to generate ,2026-08-02 13:30:47.521+00
b638be60-916f-44f0-b345-b01a444cad0f,0c67f223-00bc-7ae4-f408-7e5114428ba6,1,pre,confidence_troubleshoot_code,4,2026-08-02 15:06:17.42+00
b6bdd734-40ad-4ef6-9ef5-f0675480cef7,a85b7bff-098d-7182-6dd1-f509e1c4a3be,1,task2,understood,4,2026-08-02 11:08:43.208+00
b6cc1143-3d3a-4266-8813-6ab157e3b97d,dd32a375-a1f4-cfb5-1eb3-51f0ef6afd91,2,task2,learnt,setting up the arduino to be controlled by our program in processing. we needed to download a specific library in both the arduino environment and processing. we found how to make sure that processing cou,2026-08-02 13:07:56.681+00
b6f4b423-43e8-4bd6-9dcc-bacbe9644daf,dd32a375-a1f4-cfb5-1eb3-51f0ef6afd91,1,exit,challenges,#NAME?,2026-08-02 11:08:38.932+00
b6f63afa-1dd5-405a-90c9-74729296ab18,fa81bca3-a30c-be64-b71d-df2a1287f8d5,1,exit,confidence_arduino,4,2026-08-01 14:26:17.21+00
b6f67961-8f51-462a-94e0-738048593637,5b6c5fa9-29f7-4e44-bb90-a2979152873f,1,exit,tomorrow,graphics,2026-07-26 19:41:55.573+00
b7196ec0-b04d-4191-8457-784bfec681a7,b2276154-9082-b9d5-34fd-c8c0006f10f2,2,task3,learnt,Lear,2026-08-02 13:30:26.018+00
b729c340-315e-4619-a2c4-344c335bf30b,48a390b2-f05b-58e0-01c4-88992742c5d5,2,task4,learnt,How to manipulate sound files in Arduino,2026-08-02 14:37:59.962+00
b73d4376-0384-4f36-b0d9-72f64c14996a,48a390b2-f05b-58e0-01c4-88992742c5d5,2,exit,worked_well,The creator tool and decriptio of the code is e,2026-08-02 15:02:13.304+00
b772a5e4-e31e-43e0-a716-a27d44c2593f,dd32a375-a1f4-cfb5-1eb3-51f0ef6afd91,2,task2,learnt,setting up the arduino to be controlled by our program in processing. we needed to download a specific library in both the arduino environment and processing. we found how to make sure that processing could see and accept incontrol the arduino,2026-08-02 13:08:18.43+00
b7750795-d9c3-4dbd-bc70-3c947521e65b,0c67f223-00bc-7ae4-f408-7e5114428ba6,2,task5,understood,3,2026-08-02 15:01:31.134+00
b7992426-df1c-4ebc-b09d-458ac431f9af,0c67f223-00bc-7ae4-f408-7e5114428ba6,2,exit,confidence_processing,4,2026-08-02 15:05:55.923+00
b7ad8cda-934f-4087-a1e3-cd6a77973f5f,b2276154-9082-b9d5-34fd-c8c0006f10f2,1,task3,learnt,"When you are connecting up different components, ",2026-08-01 14:23:52.386+00
b7e045b9-3e38-4018-83c8-3c0cee8ea693,b2276154-9082-b9d5-34fd-c8c0006f10f2,2,task1,learnt,How to create images and basic shapes us,2026-08-02 12:01:16.989+00
b7e6f5d8-dc3a-4420-aa6c-51f412c10d0b,dd32a375-a1f4-cfb5-1eb3-51f0ef6afd91,2,task1,learnt,basic code structure in processing,2026-08-02 12:01:20.814+00
b8810882-735f-4af0-9276-6e810539e9ba,3f73833c-ad7d-c3b6-b375-383e7eae4e29,1,pre,confidence_troubleshoot_code,1,2026-08-02 11:08:10.903+00
b8c63cf1-67f9-4e47-a3e4-eaf47474155b,fec64d1a-b0df-59db-b5b0-a8576f4a2ac1,2,exit,improve,Popping up a catchcha,2026-08-02 15:03:04.205+00
b8f5d070-2445-4079-a805-7de4c48850fd,0c67f223-00bc-7ae4-f408-7e5114428ba6,1,pre,confidence_arduino,2,2026-08-01 11:20:28.098+00
b94a56e5-2462-4338-988f-845796e9959b,aebaf27f-3b1e-d8ea-38c0-1f9f35f1be1b,2,task4,learnt,Integrating ,2026-08-02 14:37:43.279+00
b95b7f3a-7a9f-449a-9dd3-25afe867a0d6,3f73833c-ad7d-c3b6-b375-383e7eae4e29,2,task5,learnt,"assigning sounds to visuals, con",2026-08-02 15:01:26.135+00
b98e38d1-4095-44e5-8256-1a6a710e4cbb,48a390b2-f05b-58e0-01c4-88992742c5d5,2,task4,learnt,How to manipulate ,2026-08-02 14:37:54.719+00
b9962117-0a98-42e7-9169-cc6002564190,aebaf27f-3b1e-d8ea-38c0-1f9f35f1be1b,2,task4,learnt,Integrating audio into processing control,2026-08-02 14:37:52.003+00
b9ac3c13-78d9-4fdd-a962-1accb1673e6c,5b6c5fa9-29f7-4e44-bb90-a2979152873f,1,task1,difficulty,5,2026-07-26 19:41:34.178+00
ba05e60c-395e-497a-a2a3-6064ed6c8c8c,dd32a375-a1f4-cfb5-1eb3-51f0ef6afd91,2,task1,learnt,basic code structure in processing. how to make a basic image and adjust some attributes of shapes,2026-08-02 12:01:39.412+00
ba2a736d-123b-450e-b26e-bbc35134e431,1142f088-0475-5367-98e0-aad6a178c561,2,task5,learnt,I learned how to change the sounds and ,2026-08-02 14:54:50.963+00
ba41ce0c-0150-4df3-9591-8fe4f9a8b2ad,c3f22102-00d9-5f36-79b7-267eee5f1f0a,1,exit,ease,4,2026-08-02 11:07:59.452+00
bad7a137-f8f0-4a9b-961e-bcc0d424ee77,b08cbec8-5361-79aa-b266-abaa03aa0a97,1,exit,challenges,"provides unusual feedback when turned off and has no power indicator/power switch small and hard to read so was occasionally mislead not realizing the shield was turned off

Has no markings by the pins (ie 5V/GND/~11/13) so was a little difficult to match pins",2026-08-02 11:08:40.39+00
bae641fa-802f-4c1f-9599-f3e3e064102f,aebaf27f-3b1e-d8ea-38c0-1f9f35f1be1b,2,exit,worked_well,"As above, I could add sections from this to my own processing sketch, ",2026-08-02 15:03:22.964+00
bb048253-a94b-490d-a382-c25d0c0d24c7,0c67f223-00bc-7ae4-f408-7e5114428ba6,2,exit,worked_well,Capturing pictures worked well.,2026-08-02 15:04:19.762+00
bb0aa0cb-7b5a-4e63-95fe-688a97ec5367,3f73833c-ad7d-c3b6-b375-383e7eae4e29,2,task1,learnt,"creating shapes in Processing, using track pad to control these and then having a go at translating real world objects into code usic",2026-08-02 12:02:29.056+00
bb136be9-4664-4164-af78-6f906ed70055,41ae0b9b-1f44-8d29-c33b-63304e77ce38,1,pre,confidence_troubleshoot_circuits,1,2026-08-01 11:20:11.47+00
bb417706-786d-4f6a-aa39-d04b832f76e7,3f73833c-ad7d-c3b6-b375-383e7eae4e29,2,task2,learnt,how to connect Arduino with Processing. I don't feel I nec,2026-08-02 13:07:58.121+00
bb55377d-c392-42b7-bd37-5480152de1f5,b2276154-9082-b9d5-34fd-c8c0006f10f2,2,task2,learnt,Figured out how to incorporate arduino and processing by ensuring that the relevant libraries are installed so that the programs can speak to each other. This has been f,2026-08-02 13:07:13.705+00
bb59684e-e53e-4015-adae-cd1fbb681c88,48a390b2-f05b-58e0-01c4-88992742c5d5,1,pre,done_creative_coding,no,2026-08-01 11:20:00.956+00
bb79ea20-a6a1-4358-a57b-ec9fa8d72a52,41ae0b9b-1f44-8d29-c33b-63304e77ce38,1,pre,confidence_arduino,1,2026-08-01 11:20:11.469+00
bb7cfd27-3916-4b01-a533-781602f19c2f,0c67f223-00bc-7ae4-f408-7e5114428ba6,2,task2,learnt,I learned to access and upload libraries on Arduino and Processing. Setting up both hardware and software is not complicated but not straightforward either. It is great to use a physical input to change the,2026-08-02 13:09:12.93+00
bba3722a-afab-4e2d-92e5-e35581bb47c9,3f73833c-ad7d-c3b6-b375-383e7eae4e29,2,task5,learnt,"assigning sounds to visuals, controlling both o",2026-08-02 15:01:30.323+00
bbb06eb8-c15b-476b-b760-2faaba2315ba,b2276154-9082-b9d5-34fd-c8c0006f10f2,1,pre,done_physical_computing,no,2026-08-02 11:09:37.659+00
bbc341cf-8188-4937-85a0-7778182fada6,41ae0b9b-1f44-8d29-c33b-63304e77ce38,1,exit,challenges,Really just ,2026-08-01 14:25:39.497+00
bc6a8a7f-42da-406d-a51e-16a3553e248e,dd32a375-a1f4-cfb5-1eb3-51f0ef6afd91,2,task2,learnt,setting up the arduino to be controlled by our program in processing. we needed to download a specific library in both the arduino environment and processing. we found how to make sure that processing could see and accept input from the arduino. we used a program in processing to accept input from the knob connected to the arduino to control aspects of the vis,2026-08-02 13:09:18.56+00
bcab72b8-45fa-4726-80df-e0e2077dda1f,96917aa5-e2a8-dae4-3b0f-70179ab41e8d,1,exit,challenges,I didn,2026-08-01 14:26:42.236+00
bce7a670-e30d-4434-b031-2effbbb7cbc7,48a390b2-f05b-58e0-01c4-88992742c5d5,1,exit,confidence_circuits,4,2026-08-01 14:27:19.138+00
bd049ef1-fdcf-40ce-bfe6-c95d7ec903af,3f73833c-ad7d-c3b6-b375-383e7eae4e29,2,task1,learnt,"creating shapes in Processing, using mousex and mo",2026-08-02 12:02:00.305+00
bd28d31c-18a8-4e68-ae71-f59fd1d17fcd,331e64a9-20ea-b8b6-0cf8-34a07c2ab075,2,task4,learnt,"learned about controlling audio with physical dials, ",2026-08-02 14:37:24.836+00
bd5ad4ac-0f91-4d24-9428-38b20ca6b6d1,b2276154-9082-b9d5-34fd-c8c0006f10f2,2,task4,learnt,How to integrate audio files into the processing environment. ,2026-08-02 14:37:33.899+00
bd854d8b-c496-4a5b-8ccb-d7dd9f06aed7,0c67f223-00bc-7ae4-f408-7e5114428ba6,2,task2,learnt,I learned to access and upload libraries an,2026-08-02 13:07:56.283+00
bde789b8-0bb3-4d82-a3dd-2921efbf459a,c3f22102-00d9-5f36-79b7-267eee5f1f0a,1,pre,done_creative_coding,yes,2026-08-01 11:19:35.89+00
be115df0-c87a-4168-80d0-86cb7b8c0f4a,a85b7bff-098d-7182-6dd1-f509e1c4a3be,2,task2,learnt,how to ,2026-08-02 13:06:30.373+00
be21a96f-ebdc-4f8c-bc6a-634ed79c3f4e,48a390b2-f05b-58e0-01c4-88992742c5d5,1,exit,challenges,Ensuring all the PINS were secured,2026-08-02 12:05:30.839+00
be26f0cb-27c5-40fa-b28d-4795e8908523,1142f088-0475-5367-98e0-aad6a178c561,2,exit,worked_well,Everything. It interpreted all images in a really imaganative anf  ,2026-08-02 14:56:23.69+00
be43f502-8b86-4769-8b4f-db59aacdb0f9,dd32a375-a1f4-cfb5-1eb3-51f0ef6afd91,2,task4,learnt,how to import wav files into processing. how to play sounds and ,2026-08-02 14:37:47.248+00
be493dea-d58d-42d2-9dbd-28eaa939ff3a,a85b7bff-098d-7182-6dd1-f509e1c4a3be,2,task1,learnt,basics of writing code into ,2026-08-02 12:01:55.023+00
be745f00-5ce7-4f31-97a1-c1d3768aa18a,70d65ebf-28eb-e1e2-ec23-8e8a381f2f32,1,task1,learnt,this is a test ignore the answer and the UUID . ,2026-08-02 08:03:20.159+00
be74acbf-827b-4594-abb9-d7e26e6f0d9c,a85b7bff-098d-7182-6dd1-f509e1c4a3be,2,task1,learnt,"basics of writing code into Processing, creating shapes and adding colours. hO",2026-08-02 12:02:18.072+00
be77771c-f2c0-4769-ac21-0aab0883486d,3f73833c-ad7d-c3b6-b375-383e7eae4e29,2,task4,learnt,how to import audio into sketch and how the manual di,2026-08-02 14:38:53.756+00
bebb96cc-3052-4ef6-a57b-47339e36e90d,a85b7bff-098d-7182-6dd1-f509e1c4a3be,1,task1,understood,4,2026-08-01 12:31:10.16+00
beea279f-e5cd-438e-9dd6-b73c3f7c99b0,48a390b2-f05b-58e0-01c4-88992742c5d5,2,task5,learnt,Understanding how to combine,2026-08-02 15:01:07.854+00
bf156659-dbe0-465f-954a-96f4da7b4ee9,c3f22102-00d9-5f36-79b7-267eee5f1f0a,1,task1,understood,5,2026-08-01 12:30:44.65+00
bf4a6459-57b1-48e0-b256-f40bce7e5529,fec64d1a-b0df-59db-b5b0-a8576f4a2ac1,2,task1,learnt,Create shapes and posi,2026-08-02 12:01:25.425+00
bf64263f-849e-46ca-80c0-984459bce124,331e64a9-20ea-b8b6-0cf8-34a07c2ab075,1,pre,done_physical_computing,no,2026-08-01 11:20:09.947+00
bf6e101a-7c26-4739-861c-a3c0be794e11,b2276154-9082-b9d5-34fd-c8c0006f10f2,2,exit,worked_well,Generally gave you something resembling what you were looking for. ,2026-08-02 15:02:19.666+00
c03474df-216a-4b8b-95bd-347b6e8b7f9a,331e64a9-20ea-b8b6-0cf8-34a07c2ab075,1,exit,ease,3,2026-08-02 11:09:37.008+00
c0bd98ff-8c9e-411a-9eb1-344f53b78c45,70d65ebf-28eb-e1e2-ec23-8e8a381f2f32,1,task1,learnt,this is a test ignore the answer and the UUID . writing a long paragraph to test the methods and see if i can recover them at a later date.,2026-08-02 08:03:58.659+00
c0ffe6f2-7af9-43f4-b101-e3e9d9d60495,0c67f223-00bc-7ae4-f408-7e5114428ba6,2,task2,learnt,I learned to access and upload libraries on Arduino and Processing. Setting up both hardware and software is not complicated but not straightforward either. It is great to use a physical input to change t,2026-08-02 13:09:12.766+00
c12313a5-fa03-428a-b00b-aeafd6f2a829,0c67f223-00bc-7ae4-f408-7e5114428ba6,2,exit,challenges,The sculpting code app is well structured. ,2026-08-02 15:03:29.925+00
c1a8552a-9a5d-4576-b019-d0458ef154b2,48a390b2-f05b-58e0-01c4-88992742c5d5,2,task3,learnt,Using different coding to manipulate images. I found this difficult to translate to ,2026-08-02 13:31:39.486+00
c1c0297d-340c-4121-a779-0e07089d8016,3f73833c-ad7d-c3b6-b375-383e7eae4e29,2,task5,learnt,"assigning sounds to visuals, controlling both or either w",2026-08-02 15:01:31.594+00
c1e36ef4-d296-41fa-a85f-dd1ac8aeff3e,dd32a375-a1f4-cfb5-1eb3-51f0ef6afd91,2,task5,learnt,played with loading new sounds into a new project and assigning control from inputs to ,2026-08-02 15:02:12.884+00
c1f5ff08-b67c-4efd-b71f-9b26ff0d8e4b,0c67f223-00bc-7ae4-f408-7e5114428ba6,2,task1,learnt,"I familiarised myself with basic functions in processing and how sequencing of code and placing it within void setup or draw can impact the visual. I also worked with sculpting app; it is a useful app, but I am not sure how interact with it to adapt the visual. Should I use the ",2026-08-02 12:05:00.537+00
c24a54ae-1ed1-4610-a0ff-4e4963ff986e,aebaf27f-3b1e-d8ea-38c0-1f9f35f1be1b,2,task5,learnt,"Combining audio and visual together, made me think about ",2026-08-02 15:01:30.065+00
c2691997-7a49-4627-ae80-c2081c89dd10,a85b7bff-098d-7182-6dd1-f509e1c4a3be,1,exit,challenges,"My eyesight, but apart from that quite straightforward.",2026-08-02 11:08:43.208+00
c27f8dfe-54cc-4f76-bf32-8a5bb3d1b546,c3f22102-00d9-5f36-79b7-267eee5f1f0a,2,task1,learnt,"I used Processing for the first time, it was easy to get started and move beyond basic shapes and colours The Sculpting Code tool was a fantastic way to experiment with more complex shapes and forms without 'thinking in code'. I've never seen a tool like it before.",2026-08-02 12:02:27.001+00
c29281c4-c690-43cb-9a58-c8888284e4ab,3f73833c-ad7d-c3b6-b375-383e7eae4e29,2,exit,confidence_arduino,3,2026-08-02 15:05:49.438+00
c29f4a2c-d166-4e78-85ed-f185bcfa9946,fec64d1a-b0df-59db-b5b0-a8576f4a2ac1,2,exit,confidence_arduino,5,2026-08-02 15:03:25.76+00
c2dbca3a-995e-4a86-85db-aaa9f02ef8b2,48a390b2-f05b-58e0-01c4-88992742c5d5,1,exit,confidence_troubleshoot_code,4,2026-08-02 12:05:30.843+00
c2e77bac-8ae1-47d3-a4d5-656d59933ee0,dd32a375-a1f4-cfb5-1eb3-51f0ef6afd91,2,exit,confidence_troubleshoot_code,5,2026-08-02 15:05:11.788+00
c3381cfe-4019-4f79-9e03-73cd31d98180,c3f22102-00d9-5f36-79b7-267eee5f1f0a,2,task2,learnt,I learned how to use the firmata library on the arduino to ,2026-08-02 13:06:38.264+00
c34c157f-f715-4fa2-8005-8c2b110a074c,b2276154-9082-b9d5-34fd-c8c0006f10f2,1,exit,confidence_arduino,3,2026-08-01 14:53:16.095+00
c35d0a59-2f34-44b4-a0bc-9b517e0de669,48a390b2-f05b-58e0-01c4-88992742c5d5,2,task2,learnt,Learned how to connect ,2026-08-02 13:07:19.972+00
c3c15a7b-8936-471e-8b0e-ae9f5ebe907a,dd32a375-a1f4-cfb5-1eb3-51f0ef6afd91,2,task4,learnt,how to import wav files into processing. how to,2026-08-02 14:37:30.68+00
c3dea6ca-1203-457f-a09d-3bb8c0eb8713,3f73833c-ad7d-c3b6-b375-383e7eae4e29,2,task4,understood,4,2026-08-02 14:38:42.763+00
c45ac2ba-c770-4bf8-88de-105e34aa01aa,1142f088-0475-5367-98e0-aad6a178c561,2,exit,worked_well,Everything. It interpreted all images in a really imaginative and correct!! ,2026-08-02 14:58:47.751+00
c4619842-036b-4cea-bb86-e87582daf38d,dd32a375-a1f4-cfb5-1eb3-51f0ef6afd91,1,task1,learnt,how to ,2026-08-01 12:37:03.874+00
c4696e66-f8cc-4682-ad23-0ae82ed0871c,48a390b2-f05b-58e0-01c4-88992742c5d5,1,task3,understood,4,2026-08-02 12:05:30.844+00
c4817c49-5918-4917-8879-6f0a23d0bcb9,48a390b2-f05b-58e0-01c4-88992742c5d5,2,task4,learnt,Using arduino to manipulate sound,2026-08-02 14:37:19.892+00
c4a223d9-6417-4932-87f7-2d49e3c6b80e,aebaf27f-3b1e-d8ea-38c0-1f9f35f1be1b,2,task4,learnt,Integrating audio into processing controlled ,2026-08-02 14:37:52.612+00
c4b71fb6-078c-480d-a3f7-9c1397313c4d,fec64d1a-b0df-59db-b5b0-a8576f4a2ac1,2,task3,learnt,Manipulating parameters within Processing,2026-08-02 13:31:06.7+00
c51efdd7-93f2-4d3e-b2ea-8f8d1821e287,3f73833c-ad7d-c3b6-b375-383e7eae4e29,1,exit,confidence_troubleshoot_code,2,2026-08-01 14:26:45.535+00
c56ee42c-2ec3-4742-b595-42917817705d,b08cbec8-5361-79aa-b266-abaa03aa0a97,1,exit,challenges,provides ,2026-08-01 14:24:58.068+00
c573cdfc-3ed2-4343-9eb7-8028c5eee5cd,0c67f223-00bc-7ae4-f408-7e5114428ba6,2,task5,understood,3,2026-08-02 15:06:17.419+00
c5c69e6f-f24c-4f21-ba59-6df50e59dafa,dd32a375-a1f4-cfb5-1eb3-51f0ef6afd91,2,task5,learnt,played with loading new sounds into a new project and assigning ,2026-08-02 15:02:04.831+00
c5e1ea4f-b903-410b-8f33-19cbb0db1ce1,aebaf27f-3b1e-d8ea-38c0-1f9f35f1be1b,2,task2,understood,4,2026-08-02 13:06:09.271+00
c5e70fdd-1014-49d6-8842-29ae4af82c3b,b2276154-9082-b9d5-34fd-c8c0006f10f2,2,task1,learnt,How to create images and basic shapes ,2026-08-02 12:01:16.285+00
c6001516-7bc7-4849-8ba5-eab985965843,331e64a9-20ea-b8b6-0cf8-34a07c2ab075,2,exit,improve,n/a,2026-08-02 15:02:28.471+00
c60ea93c-f8c3-4419-9a76-c5597250b9ac,48a390b2-f05b-58e0-01c4-88992742c5d5,2,exit,improve,Being able to merge programs bewtween processing and ,2026-08-02 15:05:51.513+00
c6307d48-d23e-469e-a9f5-5810a9e69c74,3f73833c-ad7d-c3b6-b375-383e7eae4e29,2,task4,learnt,how to import audio into sketch and ,2026-08-02 14:38:51.134+00
c63e5ba6-4a60-44b5-8820-259b0db52c7e,a85b7bff-098d-7182-6dd1-f509e1c4a3be,2,task1,learnt,basic,2026-08-02 12:01:43.015+00
c685cdc5-cda8-4586-a27c-789c3e9b4776,48a390b2-f05b-58e0-01c4-88992742c5d5,2,task2,learnt,Learned how to connect Arduino to p,2026-08-02 13:07:38.456+00
c68a2b95-4a75-4181-bcf2-673e0445a488,331e64a9-20ea-b8b6-0cf8-34a07c2ab075,1,pre,confidence_processing,1,2026-08-01 11:20:14.37+00
c6a53d1d-19e9-4ce6-b997-0ba617a89a3c,70d65ebf-28eb-e1e2-ec23-8e8a381f2f32,1,pre,confidence_processing,3,2026-07-31 19:10:58.47+00
c6c9db85-edda-44e2-b5fb-efcae2de1ef0,dd32a375-a1f4-cfb5-1eb3-51f0ef6afd91,1,exit,ease,5,2026-08-02 11:08:38.928+00
c6f46f39-78d5-4d0c-a5bd-3b6ebe354bfb,aebaf27f-3b1e-d8ea-38c0-1f9f35f1be1b,2,exit,confidence_circuits,4,2026-08-02 15:04:17.671+00
c70f0aa6-aebb-4731-b06b-7437364f5ba7,0c67f223-00bc-7ae4-f408-7e5114428ba6,2,task4,learnt,,2026-08-02 14:37:21.045+00
c7440efc-134b-4b6f-a219-fd427b42d0eb,1142f088-0475-5367-98e0-aad6a178c561,2,task5,learnt,I learned how to change the sounds and make visuals and sound react to the,2026-08-02 14:55:03.266+00
c775e95e-63e1-47d0-a35a-f03bcae2031c,c3f22102-00d9-5f36-79b7-267eee5f1f0a,1,pre,confidence_troubleshoot_circuits,4,2026-08-02 11:07:59.452+00
c8066f3a-cc4e-4fe1-b6c6-c590976a3a53,3f73833c-ad7d-c3b6-b375-383e7eae4e29,1,pre,confidence_circuits,2,2026-08-01 11:20:23.723+00
c810282e-d74e-4050-99fd-e663005b7855,0c67f223-00bc-7ae4-f408-7e5114428ba6,2,exit,challenges,"The sculpting code app is well structured, but I am not sure how it is su",2026-08-02 15:03:51.566+00
c82a00a4-ec9d-4152-bcf0-3e1c628b04c0,b2276154-9082-b9d5-34fd-c8c0006f10f2,2,task2,learnt,Figured out how to incorporate arduino and processing,2026-08-02 13:06:43.654+00
c84bd71e-91f9-4215-ac74-b19fe99358ac,aebaf27f-3b1e-d8ea-38c0-1f9f35f1be1b,2,task5,learnt,Combing audio and th,2026-08-02 15:01:13.303+00
c8544538-b8c2-469a-a6b3-785dc9ebbc6e,c3f22102-00d9-5f36-79b7-267eee5f1f0a,1,exit,confidence_arduino,4,2026-08-01 14:27:52.172+00
c85f3188-f3fc-4bd4-b8e5-d86c0a36a46d,dd32a375-a1f4-cfb5-1eb3-51f0ef6afd91,2,task4,learnt,how to import wav files into processing. how to play sounds and change things like ,2026-08-02 14:37:54.287+00
c8a0be08-e286-45b8-840d-a36d734712d0,b08cbec8-5361-79aa-b266-abaa03aa0a97,1,task1,understood,5,2026-08-01 12:30:42.744+00
c905f5c9-4f53-477f-9c2a-30ab339e4f02,0c67f223-00bc-7ae4-f408-7e5114428ba6,2,task2,learnt,I learned to access and upload libraries on Arduino and Processing. Setting up both hardware and software is not as ,2026-08-02 13:08:28.688+00
c9142fa7-23d5-48cc-b4f9-91bab947cfb0,c3f22102-00d9-5f36-79b7-267eee5f1f0a,2,task1,learnt,"I used Processing for the first time, it was easy to get started and move beyond basic shapes and colours The Sculpting Code tool was a fantastic way to experiment with more complex shapes and forms without ",2026-08-02 12:02:07.7+00
c91cada3-3889-420e-97ae-a77abeee466a,c3f22102-00d9-5f36-79b7-267eee5f1f0a,2,task1,learnt,"I used Processing for the first time, it was easy to get started and move b",2026-08-02 12:01:29.304+00
c91dbc6e-bbe0-49f9-883e-4d9050dd1a46,a85b7bff-098d-7182-6dd1-f509e1c4a3be,1,exit,confidence_troubleshoot_code,3,2026-08-01 14:25:33.562+00
c97de891-4531-4115-86e9-8407aa6e093f,a85b7bff-098d-7182-6dd1-f509e1c4a3be,1,pre,confidence_circuits,2,2026-08-01 11:20:24.354+00
c9a82a11-e93f-4dfd-a881-44635cbaa16a,1142f088-0475-5367-98e0-aad6a178c561,2,task2,learnt,How to connect arduino to processing and use the dial to affect the size and colour of the circle. Also I can use my ,2026-08-02 13:11:30.485+00
c9c18173-e044-4090-b8bc-a34aef1800c7,48a390b2-f05b-58e0-01c4-88992742c5d5,1,pre,done_physical_computing,no,2026-08-01 11:20:00.956+00
c9d20fa7-33fb-4956-bfd8-b487aac1706e,70d65ebf-28eb-e1e2-ec23-8e8a381f2f32,1,pre,confidence_processing,2,2026-08-02 08:03:58.659+00
c9ddbd56-0a95-431d-b9f4-8ba365c268ca,b2276154-9082-b9d5-34fd-c8c0006f10f2,2,task1,learnt,How to create images and basic shapes using code and where to find ,2026-08-02 12:01:25.371+00
c9ee7f1d-563c-4712-894d-1f43d9aa28d0,023022a1-c3b8-b4c3-fc00-2b08c8249760,1,task2,learnt,TASK TWO text about mapping the dial to LED brightness.,2026-08-02 08:12:45.896+00
ca0235aa-fd99-4774-90be-25f77f5f55ed,331e64a9-20ea-b8b6-0cf8-34a07c2ab075,2,exit,worked_well,thought it ran really well,2026-08-02 15:02:24.599+00
ca02fb55-4126-455a-a34b-1db46950ab67,fec64d1a-b0df-59db-b5b0-a8576f4a2ac1,2,task2,learnt,Learned how to connect ar,2026-08-02 13:06:10.674+00
ca0962dd-5e1c-40f1-a033-dd4d1ed268ed,48a390b2-f05b-58e0-01c4-88992742c5d5,2,exit,confidence_processing,3,2026-08-02 15:06:17.872+00
ca3c332b-01db-4c28-86eb-1281e2fcfd5e,3f73833c-ad7d-c3b6-b375-383e7eae4e29,2,task5,learnt,"assigning sounds to visuals, controlling both or either with ",2026-08-02 15:01:32.262+00
ca3e2617-5a73-4c7a-a2e6-8ff6d777f4a9,dd32a375-a1f4-cfb5-1eb3-51f0ef6afd91,2,task2,learnt,setting up the arduino to be controlled by our program in processing. we needed to download a specific library in both the arduino environment and processing. we found how to make sure that processing could see and accept input from the arduino. we used a program in processing to accept input from the knob connected to the arduino to control ,2026-08-02 13:09:13.729+00
ca566e28-0b3b-4af8-acb8-4d943a4654e5,0c67f223-00bc-7ae4-f408-7e5114428ba6,1,task3,understood,4,2026-08-02 15:06:17.42+00
ca7f2516-bd63-47e5-a766-62e68970f3aa,70d65ebf-28eb-e1e2-ec23-8e8a381f2f32,1,pre,confidence_arduino,2,2026-08-02 08:03:58.658+00
cb113875-4a3c-48ec-91a1-e84f09ce5a61,b08cbec8-5361-79aa-b266-abaa03aa0a97,1,pre,confidence_troubleshoot_circuits,4,2026-08-01 11:20:02.95+00
cb2193e2-da56-4a18-8dc1-5ec4515ba1d1,dd32a375-a1f4-cfb5-1eb3-51f0ef6afd91,2,task4,learnt,how to import wav files into processing. how to play sounds ,2026-08-02 14:37:44.592+00
cb327703-5151-40a9-8155-014754d1f936,0c67f223-00bc-7ae4-f408-7e5114428ba6,2,exit,challenges,I ,2026-08-02 15:03:18.393+00
cb42a877-f675-4115-adfd-970cf94b4c00,48a390b2-f05b-58e0-01c4-88992742c5d5,2,task3,learnt,Using different coding to mani,2026-08-02 13:31:19.391+00
cb48b51e-48d1-4021-94fc-4ab6deb461ed,c3f22102-00d9-5f36-79b7-267eee5f1f0a,2,task4,learnt,It w,2026-08-02 14:38:20.895+00
cb49f12e-2c72-4c8f-a9f6-61a32141a8de,b2276154-9082-b9d5-34fd-c8c0006f10f2,2,task1,learnt,How to create images and basic shapes using code and how to use a third-party software to help,2026-08-02 12:01:40.339+00
cb702d0e-cd4c-43ad-892c-469c2d45bbd6,70d65ebf-28eb-e1e2-ec23-8e8a381f2f32,1,task2,understood,3,2026-08-02 11:07:47.056+00
cb7159bc-4520-461c-ad2e-20df24f6daaf,3f73833c-ad7d-c3b6-b375-383e7eae4e29,1,pre,done_creative_coding,no,2026-08-02 11:08:10.903+00
cbb00744-220a-449f-89e4-8925b23a5b39,c3f22102-00d9-5f36-79b7-267eee5f1f0a,2,task3,learnt,It was good to try out different ways of playing with size and shape using the arduino as an input. I,2026-08-02 13:33:41.801+00
cbc16869-cd75-4d24-a600-56ad9a68fdd6,1142f088-0475-5367-98e0-aad6a178c561,2,task3,learnt,How to make things rotate,2026-08-02 13:30:34.595+00
cbe83e6d-2dfe-4905-b043-8a7bbd3a9408,70d65ebf-28eb-e1e2-ec23-8e8a381f2f32,1,pre,confidence_troubleshoot_code,3,2026-07-31 19:11:00.83+00
cc167f32-347b-491c-974f-8df81ce77481,0c67f223-00bc-7ae4-f408-7e5114428ba6,1,pre,confidence_arduino,3,2026-08-02 15:06:17.42+00
cc81837b-f692-45f7-ae41-b01dd27c20e3,0c67f223-00bc-7ae4-f408-7e5114428ba6,2,task3,learnt,Learned to modify input control and graphic,2026-08-02 13:50:16.094+00
cc9c0c13-c54f-4d6b-888e-7d44129370eb,b2276154-9082-b9d5-34fd-c8c0006f10f2,2,task4,learnt,How to integrate audio files into the processing environment and begin adjusting and manipulating these files ,2026-08-02 14:37:49.311+00
ccb3078b-0e5b-4f3c-97a1-1f9204da3d6b,0c67f223-00bc-7ae4-f408-7e5114428ba6,2,task2,learnt,I learned to access and upload libraries on Arduino and Processing. Setting up both hardware and software is not complicated but not straightforward either. It is great to use a physical input to change ,2026-08-02 13:09:12.691+00
ccbb24dd-e7a3-4f17-8cfd-c2eef3f939c6,c3f22102-00d9-5f36-79b7-267eee5f1f0a,2,task4,learnt,It wa,2026-08-02 14:38:21.031+00
ccf1b17f-420f-4cdf-880d-f493194992b9,b2276154-9082-b9d5-34fd-c8c0006f10f2,2,task4,learnt,How to integrate audio files into the processing environment and begin adjusting and manipulating these files us,2026-08-02 14:37:49.569+00
ccfeca4c-cbfd-4f02-aedd-8c019f57f348,023022a1-c3b8-b4c3-fc00-2b08c8249760,1,task2,learnt,,2026-08-02 08:07:33.887+00
cd021377-b99a-4b22-babd-feb2c7201f0d,aebaf27f-3b1e-d8ea-38c0-1f9f35f1be1b,2,task5,understood,4,2026-08-02 15:01:04.187+00
cd099e91-4120-43b3-998b-842e77174780,023022a1-c3b8-b4c3-fc00-2b08c8249760,1,task1,learnt,,2026-08-02 08:07:04.885+00
cd278c33-e91e-49c3-9c3c-2bae2fd1b3cc,3f73833c-ad7d-c3b6-b375-383e7eae4e29,2,exit,challenges,"Wifi was a bit of a challenge, as was not having enough sounds already on my laptop. Some ",2026-08-02 15:02:58.212+00
cd2e2e06-d567-4669-846e-05bdfea51cce,dd32a375-a1f4-cfb5-1eb3-51f0ef6afd91,2,exit,confidence_circuits,2,2026-08-02 15:05:07.769+00
cd30baa7-74b3-4c1c-ab5f-b48a22d6c16d,96917aa5-e2a8-dae4-3b0f-70179ab41e8d,1,exit,confidence_arduino,3,2026-08-02 11:08:42.091+00
cd70668d-a309-4d01-8852-40d36836ec8d,c3f22102-00d9-5f36-79b7-267eee5f1f0a,1,task2,learnt,I'd never tried using ,2026-08-01 13:02:37.939+00
cd9ad562-364f-4fcd-a77a-68628a2d45b1,dd32a375-a1f4-cfb5-1eb3-51f0ef6afd91,1,task3,learnt,Taking input from a knob and using this to control an output. Touched on serial output and monitoring via the console.,2026-08-02 11:08:38.933+00
cdf9182e-d4b0-439c-ae84-f12ce14c829c,0c67f223-00bc-7ae4-f408-7e5114428ba6,2,task5,understood,4,2026-08-02 15:01:29.172+00
ce09358d-9c30-49af-814c-648cbf3a8fd2,dd32a375-a1f4-cfb5-1eb3-51f0ef6afd91,2,task1,learnt,basic code structure in processing. how to make a basic ima,2026-08-02 12:01:28.366+00
ce099db6-d800-4e05-a2c2-0dd240b749a1,1142f088-0475-5367-98e0-aad6a178c561,2,exit,confidence_troubleshoot_circuits,5,2026-08-02 15:02:12.055+00
ce16edac-9282-4b41-a2a8-a36a1cf073ea,aebaf27f-3b1e-d8ea-38c0-1f9f35f1be1b,2,task5,learnt,Combing audio and ,2026-08-02 15:01:11.877+00
ce2dabfb-3880-4e02-8ea2-7bf329e5ed72,331e64a9-20ea-b8b6-0cf8-34a07c2ab075,1,task2,learnt,changing ,2026-08-01 13:05:23.848+00
ce4315fc-61ac-42f2-aa1d-4f70198fb840,3f73833c-ad7d-c3b6-b375-383e7eae4e29,2,task4,learnt,how to import audio into sketch and how the manual dial can affect different elements. assigning multiple sounds to the one dial using ranges ,2026-08-02 14:39:10.359+00
ce7c54f4-d2e3-4395-858c-df62a6629d05,dd32a375-a1f4-cfb5-1eb3-51f0ef6afd91,2,task2,learnt,setting up the arduino to be controlled by our program in processing. we needed to download a specific library in both the arduino environment and processing. we found how to make sure that processing could see and accept input from the arduino. we used a program in processing to accept input from the d,2026-08-02 13:09:01.333+00
ce9c33b4-5b3e-4663-9748-4b018d3e0961,1142f088-0475-5367-98e0-aad6a178c561,2,exit,challenges,None it was actually so amazing and intuitive ,2026-08-02 14:55:47.946+00
cf427ecf-e7e1-40e8-9d2d-c10ee2e07513,0c67f223-00bc-7ae4-f408-7e5114428ba6,2,task4,learnt,Had to download a sound file ,2026-08-02 14:37:32.493+00
cfead462-bce5-4ae4-9a74-f5186103310a,1142f088-0475-5367-98e0-aad6a178c561,2,task5,understood,5,2026-08-02 14:54:39.812+00
d04475aa-1af7-4b21-8b63-cd07495ccf95,0c67f223-00bc-7ae4-f408-7e5114428ba6,2,task1,learnt,Use processing ,2026-08-02 12:02:03.635+00
d092d4fa-2411-4c9a-8f43-39449ee3b770,a85b7bff-098d-7182-6dd1-f509e1c4a3be,1,pre,done_physical_computing,yes,2026-08-01 11:20:06.06+00
d092da0c-b6b7-424b-bdd9-a3c91aa89611,dd32a375-a1f4-cfb5-1eb3-51f0ef6afd91,2,task3,understood,5,2026-08-02 13:30:50.213+00
d0a2a599-d133-4340-a22b-aa0d5d6b14e8,aebaf27f-3b1e-d8ea-38c0-1f9f35f1be1b,2,task2,learnt,"Difference between float and int (probably from task 1), connecting Arduino, ",2026-08-02 13:06:53.158+00
d0be0861-2ec4-41b3-9752-3f03ef86484a,fec64d1a-b0df-59db-b5b0-a8576f4a2ac1,2,exit,improve,Popping up a Catcha to confirm you are human and not a bot.,2026-08-02 15:03:23.019+00
d0f295dd-5085-4694-b438-21cc32a23e13,0c67f223-00bc-7ae4-f408-7e5114428ba6,1,exit,ease,5,2026-08-02 11:08:26.098+00
d113b44f-a25f-4d0d-b9ee-17206c55e738,c3f22102-00d9-5f36-79b7-267eee5f1f0a,1,exit,confidence_circuits,5,2026-08-02 11:07:59.452+00
d119efe0-7b1e-43dd-8c32-6cb8f02bc15c,c3f22102-00d9-5f36-79b7-267eee5f1f0a,2,exit,confidence_troubleshoot_circuits,5,2026-08-02 15:02:02.263+00
d11c9d92-092e-4e88-83ea-4c05fd0e5aa5,0c67f223-00bc-7ae4-f408-7e5114428ba6,2,task5,learnt,"I learned how to mix sound and visuals. I have not yet been able to use different sound files, but that would be great to useful. ",2026-08-02 15:03:06.972+00
d11f834d-6f99-4cf6-adc3-586d4ea301d0,48a390b2-f05b-58e0-01c4-88992742c5d5,1,pre,done_physical_computing,no,2026-08-02 12:05:30.843+00
d21bc867-0e49-45fa-9140-387478a1fd3a,331e64a9-20ea-b8b6-0cf8-34a07c2ab075,1,exit,confidence_troubleshoot_code,2,2026-08-02 11:09:37.008+00
d247bba9-58c9-48f1-9660-f46ad8f3d39c,fec64d1a-b0df-59db-b5b0-a8576f4a2ac1,2,task2,learnt,Learned how to connect Arduino to Processing and control the parameters of o,2026-08-02 13:06:58.17+00
d24a391f-5dca-4b45-9cf5-c44c51b90841,fec64d1a-b0df-59db-b5b0-a8576f4a2ac1,2,task1,learnt,Create shapes and ,2026-08-02 12:01:23.038+00
d2da0256-9b91-41d8-bdf2-e3d37a4a78b0,b2276154-9082-b9d5-34fd-c8c0006f10f2,2,task2,learnt,Figuree out how to incorporate arduino and processing,2026-08-02 13:06:42.412+00
d3062470-32f7-4304-8305-1ba80eb03384,fec64d1a-b0df-59db-b5b0-a8576f4a2ac1,2,exit,challenges,It didn't work with private browsing as it didn't recognise me as a human,2026-08-02 15:02:38.639+00
d32b2fcf-1eb1-4922-b7cc-b70cea8f7e56,0c67f223-00bc-7ae4-f408-7e5114428ba6,1,exit,improve,,2026-08-01 14:56:55.684+00
d3346249-5128-404b-85d2-5d999598ba9b,b2276154-9082-b9d5-34fd-c8c0006f10f2,2,task2,learnt,Figured out how to incorporate arduino and processing by ensuring that the relevant libraries are installed so that the programs can speak to each other. This way we are now able to use the arduino physical component to begin controlling parameters within ,2026-08-02 13:07:43.951+00
d347d875-3d1d-43d3-8338-5bc3ec1161c4,3f73833c-ad7d-c3b6-b375-383e7eae4e29,2,exit,confidence_processing,4,2026-08-02 15:05:50.751+00
d37bac8b-056e-443d-974b-946cfb180eda,331e64a9-20ea-b8b6-0cf8-34a07c2ab075,2,task5,learnt,meshing audio and visuals through code and hardware to produce ,2026-08-02 15:02:08.259+00
d3a76b44-1f03-48d3-a059-5b65666a569b,3f73833c-ad7d-c3b6-b375-383e7eae4e29,1,pre,confidence_processing,1,2026-08-02 11:08:10.903+00
d3c0d18c-f63e-4683-aebd-6b73831ae34c,dd32a375-a1f4-cfb5-1eb3-51f0ef6afd91,2,task1,learnt,basic code structure in processing. how to make a basic image and adu,2026-08-02 12:01:31.932+00
d3d24252-b7f2-4cbd-abc5-2ddf89d28db3,48a390b2-f05b-58e0-01c4-88992742c5d5,2,task2,learnt,Learned how to control graphics using a specific Arduino progra in collaboratoin with Processing. ,2026-08-02 13:08:53.055+00
d3ea7151-deb8-47c9-bf44-304dec27868a,aebaf27f-3b1e-d8ea-38c0-1f9f35f1be1b,2,task5,learnt,"Combining audio and visual together, made me think about additional parameters and sound choices more, the interaction between the two",2026-08-02 15:01:49.007+00
d40b7948-9d5c-4c27-862f-25ab6b5c4cd6,0c67f223-00bc-7ae4-f408-7e5114428ba6,2,task4,learnt,Had to download a sound file and,2026-08-02 14:37:34.976+00
d413065c-2fd4-4c3e-a224-bffa136e679c,331e64a9-20ea-b8b6-0cf8-34a07c2ab075,1,exit,improve,"N/A, didn't use shield",2026-08-02 11:09:37.008+00
d4379d57-907c-47e6-ac51-6393a9d8d83b,aebaf27f-3b1e-d8ea-38c0-1f9f35f1be1b,2,task1,learnt,"How to translate shapes and colours into code using processing, language is adaptable, how to use the mouse ",2026-08-02 12:02:01.638+00
d442c2e5-3803-471f-bd6c-b4ead7674161,48a390b2-f05b-58e0-01c4-88992742c5d5,2,exit,improve,More,2026-08-02 15:05:29.192+00
d44a46c5-fe78-4a0b-a9da-9762c6559a70,3f73833c-ad7d-c3b6-b375-383e7eae4e29,2,task5,learnt,"assigning sounds to visuals, ",2026-08-02 15:01:25.757+00
d489d263-951e-4dad-88ed-b8dfbfa5ae9d,b08cbec8-5361-79aa-b266-abaa03aa0a97,1,exit,confidence_arduino,4,2026-08-01 14:56:07.555+00
d4a2575c-8abd-458e-94ac-2cfcff8d8b2a,0c67f223-00bc-7ae4-f408-7e5114428ba6,2,task2,learnt,I learned to access and upload libraries on Arduino and Processing. Setting up both hardware and software,2026-08-02 13:08:23.615+00
d4e3dacf-2090-4f50-bea8-ba374205b7d9,dd32a375-a1f4-cfb5-1eb3-51f0ef6afd91,1,task2,learnt,"connecting the feedback shield and breadboard, sending instructions to different pinouts using PWM",2026-08-02 11:08:38.933+00
d4ef566b-aa3c-42bb-8df8-182cbf6dd276,a85b7bff-098d-7182-6dd1-f509e1c4a3be,1,task2,understood,4,2026-08-01 12:32:54.024+00
d50e6b37-4fbd-4946-bb3d-c661873816ca,331e64a9-20ea-b8b6-0cf8-34a07c2ab075,1,pre,confidence_troubleshoot_code,1,2026-08-02 11:09:37.008+00
d545226b-a67f-4007-8021-84b86d109b1c,48a390b2-f05b-58e0-01c4-88992742c5d5,2,exit,challenges,Unsure how to transfer code between Sculpting website and Processing,2026-08-02 15:02:00.687+00
d57bf1fc-d920-43f8-915b-16e974ec3f2a,aebaf27f-3b1e-d8ea-38c0-1f9f35f1be1b,2,task4,learnt,Integrating audio ,2026-08-02 14:37:44.054+00
d58ef661-aa0b-4148-91c9-eb7336061d84,48a390b2-f05b-58e0-01c4-88992742c5d5,2,task2,learnt,Learned how to control graphics using a specific Arduino in collaboratoin with Processing. ,2026-08-02 13:08:50.343+00
d680c470-04d5-4af9-a2a3-2310e140c65f,48a390b2-f05b-58e0-01c4-88992742c5d5,2,exit,challenges,Unsure how to ,2026-08-02 15:01:28.385+00
d68abd16-febd-4426-b4c2-e1a32312525e,a85b7bff-098d-7182-6dd1-f509e1c4a3be,2,task1,understood,4,2026-08-02 12:01:38.591+00
d6abf1ba-a578-4f8c-8c7c-4c7d70f52f21,3f73833c-ad7d-c3b6-b375-383e7eae4e29,2,task1,learnt,"creating shapes in Processing, using mousex an",2026-08-02 12:01:59.384+00
d704babf-566e-456a-a2da-d8c4c86bf0e1,aebaf27f-3b1e-d8ea-38c0-1f9f35f1be1b,2,task2,learnt,"Difference between float and int (probably from task 1), connecting Arduino, remembering to bound the range of the po",2026-08-02 13:07:19.539+00
d7694777-db1a-470e-9ec4-988f81e688c1,3f73833c-ad7d-c3b6-b375-383e7eae4e29,2,exit,worked_well,"Being able to copy and paste the code into processing, the how it translated existing images, the prompts to change small details",2026-08-02 15:04:53.314+00
d78fb402-f62e-4b51-bc5f-bff6be6e1cbc,48a390b2-f05b-58e0-01c4-88992742c5d5,1,exit,improve,A visual indicator on the Arduino itself as opposed to a ,2026-08-01 14:28:34.988+00
d7a1276b-e1ea-4a82-9471-bc7871716b23,fec64d1a-b0df-59db-b5b0-a8576f4a2ac1,2,task2,learnt,Learned how to connect Arduino to Processing and control the parameters of objects using the analog output of the,2026-08-02 13:07:20.382+00
d7a5945b-a607-4e32-af5f-8156691c9b47,48a390b2-f05b-58e0-01c4-88992742c5d5,2,task2,learnt,Learned how to control graphics using Arduino and ==nect Arduino to p,2026-08-02 13:08:16.261+00
d7f33710-2aa0-4a03-a1ea-c8d5ac00b01d,0c67f223-00bc-7ae4-f408-7e5114428ba6,2,task2,learnt,I learned to access and upload libraries on Arduino and Processing. Setting up both hardware and software is not complicated but not straightforward either. It is great to use a physical input ,2026-08-02 13:09:10.219+00
d7f71d7a-6ae9-4fdb-8b39-17c2efee17b9,b2276154-9082-b9d5-34fd-c8c0006f10f2,2,task1,learnt,How to create images and basic shapes using code and how to use a third-,2026-08-02 12:01:33.545+00
d8180309-4852-41fc-acd1-e675d876b1f3,b2276154-9082-b9d5-34fd-c8c0006f10f2,2,task5,learnt,How to mix audio and visual!!! Exciting to understand how shapes and images can start to be manipulated.,2026-08-02 15:01:27.68+00
d8397ead-4f5f-4237-bc66-7092b97d4f53,aebaf27f-3b1e-d8ea-38c0-1f9f35f1be1b,2,task1,learnt,"How to translate shapes and colours into code using processing, language is adaptable, how to use the mouse as a control, exploring some of the ",2026-08-02 12:02:16.346+00
d84569f2-d718-48cd-8108-63ea6c036e64,3f73833c-ad7d-c3b6-b375-383e7eae4e29,1,exit,improve,having the same ,2026-08-01 14:25:59.43+00
d8a28545-966c-46f8-87be-135843c41f58,c3f22102-00d9-5f36-79b7-267eee5f1f0a,1,pre,confidence_troubleshoot_code,4,2026-08-01 11:19:51.887+00
d8a72017-c975-442b-aaa9-206d604b8702,0c67f223-00bc-7ae4-f408-7e5114428ba6,1,task2,learnt,Working with ,2026-08-01 13:04:18.782+00
d8acfa67-6f7b-4383-bfd4-d70a903f526d,b08cbec8-5361-79aa-b266-abaa03aa0a97,1,pre,done_creative_coding,no,2026-08-01 11:19:50.975+00
d8cd15f8-f3af-4e22-95aa-5906581ba8d1,331e64a9-20ea-b8b6-0cf8-34a07c2ab075,2,task2,learnt,connecting parameters to an external dial/circuit ,2026-08-02 13:07:02.688+00
d8e31242-2a1a-4dfd-8321-3256fa5aae28,0c67f223-00bc-7ae4-f408-7e5114428ba6,2,exit,challenges,"The sculpting code app is well structured, but I am not sure how ",2026-08-02 15:03:49.768+00
d8ee0d5c-444f-4da1-a099-be85dafc76ba,dd32a375-a1f4-cfb5-1eb3-51f0ef6afd91,2,task2,learnt,setting up the arduino to be controlled by our program in processing. we needed to download a specific library in both the arduino environment and processing. we found how to make sure that processing could see and accept input from the arduino. we used a program in processing to accept input from the knob connected to the arduino t,2026-08-02 13:09:11.19+00
d8f1be2e-4c0a-4d6a-8ec3-62cdeb4e5331,0c67f223-00bc-7ae4-f408-7e5114428ba6,2,task2,learnt,I learned to down,2026-08-02 13:07:10.673+00
d92efe13-405b-4f4c-8d2c-75c6cbc8d7b9,48a390b2-f05b-58e0-01c4-88992742c5d5,2,exit,improve,Being able to merge programs,2026-08-02 15:05:44.168+00
d9316b88-61ba-40d2-b0c9-03f543df7b77,aebaf27f-3b1e-d8ea-38c0-1f9f35f1be1b,2,task1,learnt,How to translate ,2026-08-02 12:01:38.464+00
d947a5fb-651a-4491-a0cd-f75c235b0e41,0c67f223-00bc-7ae4-f408-7e5114428ba6,1,task1,understood,5,2026-08-01 12:36:03.262+00
d980eca4-169e-47b2-ac67-95d70598c712,a85b7bff-098d-7182-6dd1-f509e1c4a3be,1,exit,confidence_troubleshoot_circuits,2,2026-08-02 11:08:43.208+00
d98c0eea-83e5-4210-a4aa-b6b0ee768f0f,023022a1-c3b8-b4c3-fc00-2b08c8249760,1,task2,learnt,I learnt,2026-08-02 07:26:49.833+00
d98fd53e-75c2-4c0a-8ce9-617d7e2b1c5f,c3f22102-00d9-5f36-79b7-267eee5f1f0a,2,task1,learnt,"I used Processing for the first time, it was easy to get sta",2026-08-02 12:01:27.692+00
d993ec9c-a9df-450b-b89c-b67f55ef9e16,fa81bca3-a30c-be64-b71d-df2a1287f8d5,1,exit,confidence_troubleshoot_circuits,4,2026-08-01 14:26:07.407+00
d9ac0924-3d99-4398-8225-4c43c46bacc1,dd32a375-a1f4-cfb5-1eb3-51f0ef6afd91,1,task1,learnt,"how to install and set up the development environment, connect the arduino, send some basic code to the board",2026-08-02 11:08:38.933+00
d9acda08-964e-422f-a53f-cb01e4c27283,b2276154-9082-b9d5-34fd-c8c0006f10f2,1,exit,confidence_troubleshoot_circuits,2,2026-08-01 14:53:22.965+00
d9ec934d-33f4-4cbd-851b-62ea48d02d98,41ae0b9b-1f44-8d29-c33b-63304e77ce38,1,task3,learnt,g,2026-08-01 14:20:40.663+00
d9fe2b93-8acf-45ad-9516-d773cd8beafc,3f73833c-ad7d-c3b6-b375-383e7eae4e29,2,exit,improve,N/A,2026-08-02 15:05:42.623+00
da13a2cb-be82-4cb2-b5e6-e81b9e234f98,48a390b2-f05b-58e0-01c4-88992742c5d5,1,pre,confidence_troubleshoot_code,2,2026-08-02 12:05:30.843+00
da4ce0ef-9fcd-46bd-b03e-dbdf8b07e5d6,0c67f223-00bc-7ae4-f408-7e5114428ba6,1,task3,understood,5,2026-08-01 14:23:30.521+00
da809cef-7af4-4c50-a707-351f189d6316,aebaf27f-3b1e-d8ea-38c0-1f9f35f1be1b,2,task1,learnt,"How to translate shapes and colours into code using processing, language is adaptable, how t",2026-08-02 12:01:59.017+00
daa7976c-f82b-47d0-931d-f92698bf020e,dd32a375-a1f4-cfb5-1eb3-51f0ef6afd91,2,task5,learnt,played with loading new sounds into a new project and assigning control from i,2026-08-02 15:02:10.391+00
dac55ea0-bdd7-40aa-8351-103698db7885,c3f22102-00d9-5f36-79b7-267eee5f1f0a,1,exit,confidence_troubleshoot_code,4,2026-08-02 11:07:59.452+00
daf426fe-6d54-4910-9205-4bc115619bcc,b08cbec8-5361-79aa-b266-abaa03aa0a97,1,exit,confidence_troubleshoot_circuits,5,2026-08-01 14:56:11.224+00
db39fa71-3583-4ec1-b190-6a5f02ea4ad3,fec64d1a-b0df-59db-b5b0-a8576f4a2ac1,2,task2,learnt,Learned how to ,2026-08-02 13:06:06.665+00
db3fce43-9887-4def-960f-65a052a78653,b08cbec8-5361-79aa-b266-abaa03aa0a97,1,task3,understood,5,2026-08-02 11:08:40.392+00
dbc16dd9-bcda-4cc1-8534-6b14dfd39c7d,3f73833c-ad7d-c3b6-b375-383e7eae4e29,1,pre,done_physical_computing,no,2026-08-01 11:20:07.457+00
dbdfd5c0-8e95-4b20-a825-cd2e5a95c577,b2276154-9082-b9d5-34fd-c8c0006f10f2,2,task2,learnt,Figured out how to incorporate arduino and processing by ensuring that the relevant libraries are installed so that the programs can speak to each other. This has bee,2026-08-02 13:07:09.414+00
dc0a8d62-55b6-4f2b-a46b-2cba5c7817b9,b2276154-9082-b9d5-34fd-c8c0006f10f2,1,task1,learnt,"How code and physical computing interact with each other. Similarily, that parameters can be changed through the code but troubleshooting needs to be both physical and digital.",2026-08-02 11:09:37.659+00
dc61f822-1e33-40e7-987e-06619879a3ff,dd32a375-a1f4-cfb5-1eb3-51f0ef6afd91,2,exit,challenges,i think it would be good to have a little animation that runs to give confirmation to know when it is actively processing instructions so that you know it's doing something while waiting.,2026-08-02 15:03:46.506+00
dc9a265a-bb1d-4725-9e1d-cbb21bc86bcc,48a390b2-f05b-58e0-01c4-88992742c5d5,2,task2,learnt,Learned how to connect arduino ,2026-08-02 13:07:24.409+00
dcff2b30-aed7-488c-b9be-4abce6f169ee,aebaf27f-3b1e-d8ea-38c0-1f9f35f1be1b,2,exit,confidence_processing,4,2026-08-02 15:04:15.893+00
dd0206e4-d6b4-4a70-94bd-e1d09de45a48,b2276154-9082-b9d5-34fd-c8c0006f10f2,2,task1,learnt,How to create images and basic shapes using code and how to use a third-party software,2026-08-02 12:01:38.949+00
dd1e2877-a830-4e73-b700-6fb46fae89d9,dd32a375-a1f4-cfb5-1eb3-51f0ef6afd91,2,task4,learnt,"how to import wav files into processing. how to play sounds and change things like playback rate, amplitude, and duration of playback. taking input from ",2026-08-02 14:38:40.06+00
dd7235b0-3b3d-4d65-91ad-f107b08bfe29,fec64d1a-b0df-59db-b5b0-a8576f4a2ac1,2,task4,learnt,How to import and control audio from controller,2026-08-02 15:01:29.433+00
ddd580d3-a304-4782-9de8-b4fc4a7684f0,fa81bca3-a30c-be64-b71d-df2a1287f8d5,1,exit,challenges,Not having the ,2026-08-01 14:24:19.121+00
de2e3cd2-ee1f-4a0a-8edf-19e5a1783761,3f73833c-ad7d-c3b6-b375-383e7eae4e29,2,task4,learnt,how to import audio into sketch and how the manual dial can affect different elements. assigning multiple sounds to the one dial using ranges was intere,2026-08-02 14:39:12.08+00
de8de585-3c28-4d3a-89ab-2e98c7b3e91f,b08cbec8-5361-79aa-b266-abaa03aa0a97,1,exit,confidence_troubleshoot_code,5,2026-08-01 14:56:10.671+00
df3b8388-c88e-4c06-a81a-f818c3db00e3,0c67f223-00bc-7ae4-f408-7e5114428ba6,2,task1,learnt,I familiarised myself with basic functions in processing,2026-08-02 12:02:29.108+00
df9d1809-547e-413f-ad10-a2760ef74291,dd32a375-a1f4-cfb5-1eb3-51f0ef6afd91,2,task4,learnt,how to import wav files into processing. how to play sounds and change ,2026-08-02 14:37:50.353+00
dfeaa813-66f1-44f8-a2a8-abaaf1f2547e,48a390b2-f05b-58e0-01c4-88992742c5d5,2,exit,confidence_circuits,4,2026-08-02 15:06:21.367+00
dff628c8-ac78-479e-a313-de348456542a,fec64d1a-b0df-59db-b5b0-a8576f4a2ac1,2,task5,learnt,Bringin,2026-08-02 15:01:40.546+00
e026c505-cadb-4465-91a9-f883a379416e,3f73833c-ad7d-c3b6-b375-383e7eae4e29,2,exit,confidence_troubleshoot_code,2,2026-08-02 15:05:56.308+00
e036c7c7-c62f-460a-9ef0-648f618e6bf5,1142f088-0475-5367-98e0-aad6a178c561,2,task5,learnt,I learned how to change the sounds and make visuals and sound react to the dial. I learned how to implement reverb,2026-08-02 14:55:22.74+00
e0734c9e-2dd5-48ab-a8c6-b4971ef614dc,aebaf27f-3b1e-d8ea-38c0-1f9f35f1be1b,2,exit,worked_well,"As above, I could add sections from this to my own processing sketch, bit of back and forth with issues ",2026-08-02 15:03:29.798+00
e0aa67a2-0483-4a4d-b23e-285cfee1ee99,3f73833c-ad7d-c3b6-b375-383e7eae4e29,2,task5,learnt,"assigning sounds to visuals, controlling both or either with manual dial, exploring ",2026-08-02 15:01:54.736+00
e0ecae34-747c-4d9b-a2ad-d80f29c2ee0d,b2276154-9082-b9d5-34fd-c8c0006f10f2,2,task2,learnt,Figured out how to incorporate arduino and processing by ensuring that the relevant libraries are installed so that the programs can speak to each other. This has been implem,2026-08-02 13:07:10.452+00
e0fe8a5d-2d90-4714-9aaf-07cb9a8212e1,3f73833c-ad7d-c3b6-b375-383e7eae4e29,2,task5,learnt,"assigning sounds to visuals, co",2026-08-02 15:01:25.908+00
e109f443-662c-41b2-a875-6e808aac7509,dd32a375-a1f4-cfb5-1eb3-51f0ef6afd91,2,task2,learnt,setting up the arduino to be controlled by our program in processing. we needed to download a specific library in both the arduino environment and processing. we found how to make sure that processing could see and accept input control the arduino,2026-08-02 13:08:19.319+00
e1585f2c-2c77-443b-8021-4331c270639f,0c67f223-00bc-7ae4-f408-7e5114428ba6,2,task5,learnt,I learned how to mix sound and visuals. ,2026-08-02 15:02:07.362+00
e16abfab-4667-41ba-af61-22a4e88fc4d0,aebaf27f-3b1e-d8ea-38c0-1f9f35f1be1b,2,exit,worked_well,"As above, I could add sections from this to my own processing sketch, bit of back and forth with issues but my own understanding is a bottleneck rather than the website",2026-08-02 15:03:44.754+00
e219d634-aca3-4646-a457-84bdec396c97,c3f22102-00d9-5f36-79b7-267eee5f1f0a,1,exit,worked_well,"I liked being able to see immediately what ports were in use, and the relative ",2026-08-01 14:26:19.18+00
e29bdd05-2ef6-4e4e-bfed-c4ae2e6afdbc,fec64d1a-b0df-59db-b5b0-a8576f4a2ac1,2,task2,understood,5,2026-08-02 13:05:54.808+00
e2c78306-ac8e-48c6-b7a7-536d3d6eb056,1142f088-0475-5367-98e0-aad6a178c561,2,exit,worked_well,Everything. It interpreted all images in a really imaginative and correct wa,2026-08-02 14:56:43.604+00
e2e28520-5909-40e9-b6cb-cb9b458c801e,48a390b2-f05b-58e0-01c4-88992742c5d5,2,task1,learnt,"Learning how to generate static images using code, and how these can be manipulated with different command inputs.",2026-08-02 12:05:30.844+00
e2f87111-1ad0-493f-ace3-2ee3148c10fd,3f73833c-ad7d-c3b6-b375-383e7eae4e29,1,pre,confidence_arduino,1,2026-08-01 11:20:23.723+00
e338ab66-158c-4654-854d-1a45a9bfbde6,41ae0b9b-1f44-8d29-c33b-63304e77ce38,1,exit,ease,2,2026-08-03 17:06:53.81+00
e3718a0a-6fad-4e8c-b160-8b3b71df4f29,fec64d1a-b0df-59db-b5b0-a8576f4a2ac1,2,exit,worked_well,It looked good from the demos.,2026-08-02 15:02:48.831+00
e3da7ad4-7b28-4704-a7d2-449cc026782f,fec64d1a-b0df-59db-b5b0-a8576f4a2ac1,2,task4,understood,5,2026-08-02 15:00:59.015+00
e3ed1f62-cf8a-44b3-adeb-977733f3eced,fec64d1a-b0df-59db-b5b0-a8576f4a2ac1,2,exit,improve,Popping up a catchc,2026-08-02 15:03:03.932+00
e3f28722-7933-45be-95db-96425b996084,b2276154-9082-b9d5-34fd-c8c0006f10f2,2,task2,learnt,Figured out how to incorporate arduino and processing by ensuring that the relevant libraries are installed so that the programs can speak to each other. ,2026-08-02 13:07:05.406+00
e40dd278-210e-43fe-9184-1b3e8eb80ea2,fec64d1a-b0df-59db-b5b0-a8576f4a2ac1,2,task2,learnt,Learned how to connect Arduino to Processing and control the parameters of objects using the analog output of the ,2026-08-02 13:07:20.517+00
e4125dea-ec23-472b-8c60-9f165ab7017b,0c67f223-00bc-7ae4-f408-7e5114428ba6,1,exit,worked_well,Everything else worked. ,2026-08-02 15:06:17.42+00
e457b31e-ce0f-406c-aee5-d53520f9eeea,c3f22102-00d9-5f36-79b7-267eee5f1f0a,2,task2,learnt,"I learned how to use the firmata library, ",2026-08-02 13:06:30.374+00
e49ed91f-285f-420e-a3d9-5e51e29af375,0c67f223-00bc-7ae4-f408-7e5114428ba6,2,task3,learnt,"Learned to modify input control and graphic, but mainly through changing numbers between brackets and looking up information in Processing reference guides, not through th",2026-08-02 13:51:19.698+00
e4a81668-50a2-4d90-8ae3-2bdd3434ef54,b2276154-9082-b9d5-34fd-c8c0006f10f2,2,task1,learnt,How to create images and basic shapes using code.,2026-08-02 12:01:21.845+00
e4b3b1de-9047-49a1-8be1-70583f1e5130,dd32a375-a1f4-cfb5-1eb3-51f0ef6afd91,2,task2,learnt,setting up the arduino to be controlled by our program in processing. we needed to download a specific library in both the arduino environment and processing. we found how to make sure that processing could see and accept input from the arduino. we used a program in ,2026-08-02 13:08:44.55+00
e4bb672e-ed9f-4732-a818-1e41bb930ddc,48a390b2-f05b-58e0-01c4-88992742c5d5,2,exit,improve,Mor,2026-08-02 15:05:29.41+00
e4db5311-1c05-40b8-b9de-261c40e8c4c3,aebaf27f-3b1e-d8ea-38c0-1f9f35f1be1b,2,task2,learnt,"Difference between float and int (probably from task 1), connecting Arduino, remembering to bound the range of the ",2026-08-02 13:07:14.766+00
e4e323f4-a774-4628-abba-7fa764b03949,1142f088-0475-5367-98e0-aad6a178c561,2,exit,worked_well,Everything. It inter,2026-08-02 14:55:55.241+00
e50c3c8c-d549-4804-ad04-58e0af02f126,b2276154-9082-b9d5-34fd-c8c0006f10f2,2,exit,challenges,Couldn't change which camera i used on the phone. Wasn't always approximating the image well.  ,2026-08-02 15:02:03.315+00
e513c3ed-b782-4aa7-9e96-0d71ee75b7a2,1142f088-0475-5367-98e0-aad6a178c561,2,task2,understood,5,2026-08-02 13:10:54.841+00
e52d9b77-ac15-43a9-a592-70a6f96a107e,3f73833c-ad7d-c3b6-b375-383e7eae4e29,2,task4,learnt,how to import audio into sketch and how the manu,2026-08-02 14:38:52.858+00
e53ec1ea-6f6c-4ce3-bf3f-91e727129c10,331e64a9-20ea-b8b6-0cf8-34a07c2ab075,2,task2,understood,3,2026-08-02 13:06:52.091+00
e5533d26-753d-4caa-9f62-56a219df9926,0c67f223-00bc-7ae4-f408-7e5114428ba6,2,exit,challenges,"The sculpting code app is well structured, but I am not sure how it is supporting learning",2026-08-02 15:04:00.898+00
e56d4676-0b92-44c2-9bf4-330623216047,0c67f223-00bc-7ae4-f408-7e5114428ba6,2,task1,learnt,I familiarised myself with basic functions in processing and how sequencing of code ,2026-08-02 12:02:35.549+00
e5af0969-0439-4d09-9bfa-7acc274de317,c3f22102-00d9-5f36-79b7-267eee5f1f0a,2,exit,improve,"Maybe a box within the camera's FOV to make it easier to align my items, and keep them in a square to match the canvas?",2026-08-02 15:01:37.825+00
e5c62a00-04ce-4c67-8187-6e042ec41a6b,48a390b2-f05b-58e0-01c4-88992742c5d5,2,task2,learnt,Learned how to control graphics using Arduino a sin collaboratoin with Processing. ,2026-08-02 13:08:43.555+00
e5d6e407-602e-4d2d-b550-77e53e9cfb08,b2276154-9082-b9d5-34fd-c8c0006f10f2,2,task2,learnt,Figured out how to incorporate arduino and processing by ensuring that the relevant libraries are installed so that the programs can speak to each other. This way we are now able to use the ard,2026-08-02 13:07:22.381+00
e6376167-b485-4082-ab0f-56eda874dfe4,331e64a9-20ea-b8b6-0cf8-34a07c2ab075,1,task2,understood,3,2026-08-02 11:09:37.008+00
e6378933-b3fd-42c6-b80d-63e3548c0078,0c67f223-00bc-7ae4-f408-7e5114428ba6,2,task2,learnt,I learned to access and upload libraries on Arduino and Processing. Setting up both hardware and software is not complicated but not straightforward either. Linking ,2026-08-02 13:08:52.733+00
e6747397-9765-48b2-9bcf-61b5ef2a262c,48a390b2-f05b-58e0-01c4-88992742c5d5,1,exit,worked_well,Visual ,2026-08-01 14:26:59.903+00
e690c4f0-16c6-4c0c-b27f-67a943a851af,dd32a375-a1f4-cfb5-1eb3-51f0ef6afd91,2,exit,challenges,i think it would be good to have a little animation that runs to give ,2026-08-02 15:03:13.677+00
e6a380af-b3df-4ec0-b2a2-5ffa560fdea9,c3f22102-00d9-5f36-79b7-267eee5f1f0a,2,exit,worked_well,It was so quick to go from something in the real world to code! ,2026-08-02 15:00:14.15+00
e6d46823-5339-4981-a053-8124920a2ae6,c3f22102-00d9-5f36-79b7-267eee5f1f0a,2,task3,understood,4,2026-08-02 13:33:05.417+00
e6df8c90-04e0-4cb9-80c5-f2335e1753dc,b2276154-9082-b9d5-34fd-c8c0006f10f2,2,task2,learnt,Figure out how to incorporate more arduino and processing,2026-08-02 13:06:24.12+00
e6faac08-ed44-4df4-b7a4-9c9b57deaf03,0c67f223-00bc-7ae4-f408-7e5114428ba6,2,task2,learnt,I learned to access and upload libraries on Arduino and Processing. Setting up both hardware and software is not complicated but not straightforward either. It is great to use a physical input to change the ,2026-08-02 13:09:13.001+00
e7158c27-affe-4099-9e17-a668987ab280,48a390b2-f05b-58e0-01c4-88992742c5d5,2,task4,learnt,Using arduino to ,2026-08-02 14:37:11.095+00
e7474cbd-5efe-421e-9981-82069f7eb699,fec64d1a-b0df-59db-b5b0-a8576f4a2ac1,2,task2,learnt,Learned how to connect Arduino to Processing and control the parameters of objects using the analog out,2026-08-02 13:07:16.329+00
e775eac6-b625-4a6e-8603-a306305960a9,331e64a9-20ea-b8b6-0cf8-34a07c2ab075,2,exit,confidence_processing,3,2026-08-02 15:02:35.005+00
e77615d4-ad1e-4220-b66e-192a9a2d8269,331e64a9-20ea-b8b6-0cf8-34a07c2ab075,2,task1,learnt,The basics as to how ,2026-08-02 12:01:28.692+00
e78fbc4f-8c86-499a-b5fb-7bd8804dd0ae,dd32a375-a1f4-cfb5-1eb3-51f0ef6afd91,2,task1,learnt,basic code structure in processing. how to make a basic i,2026-08-02 12:01:27.727+00
e7960fb1-40c8-43b9-b62e-52247f01f677,0c67f223-00bc-7ae4-f408-7e5114428ba6,2,exit,challenges,"The sculpting code app is well structured, but I am not sure how it is supporting learning through modification. ",2026-08-02 15:04:10.166+00
e7c03219-1f86-448a-8a1f-1a346483bf5f,dd32a375-a1f4-cfb5-1eb3-51f0ef6afd91,2,task2,learnt,setting up the arduino to be controlled by ,2026-08-02 13:06:56.258+00
e7c69ddf-3ea4-40a0-93da-688b0efd444d,48a390b2-f05b-58e0-01c4-88992742c5d5,2,task5,learnt,Understanding how to combine audio clips and visuals,2026-08-02 15:01:14.007+00
e7fdfeb0-ec8e-4836-8333-ca06808b19bb,dd32a375-a1f4-cfb5-1eb3-51f0ef6afd91,2,task4,learnt,"how to import wav files into processing. how to play sounds and change things like playback rate, amplitude, and duration of playback. ",2026-08-02 14:38:20.983+00
e83f18ac-32dd-42b6-845a-c237690471d4,aebaf27f-3b1e-d8ea-38c0-1f9f35f1be1b,2,task5,learnt,Combiningg audio and ,2026-08-02 15:01:18.075+00
e87bbbb3-b41c-4af0-8e41-3a148fbe5c76,dd32a375-a1f4-cfb5-1eb3-51f0ef6afd91,2,exit,worked_well,it really worked much better than expected in interpreting ,2026-08-02 15:04:35.166+00
e8acd45b-d5e9-42ad-a446-2f8d2d5a7a7f,1142f088-0475-5367-98e0-aad6a178c561,2,exit,challenges,None it was actually so amazing,2026-08-02 14:55:42.376+00
e8b4b040-38c2-4dd7-88ff-fac83748bfa4,c3f22102-00d9-5f36-79b7-267eee5f1f0a,2,task4,learnt,It was ,2026-08-02 14:38:21.192+00
e8c0a02b-a7d6-4897-9590-03e25e22ba3d,48a390b2-f05b-58e0-01c4-88992742c5d5,2,exit,confidence_circuits,5,2026-08-02 15:06:21.226+00
e8f18c1b-82ef-46e4-a8f7-e5a82cacec03,0c67f223-00bc-7ae4-f408-7e5114428ba6,2,task4,learnt,I was not able to put this task into practice as I did not have a ,2026-08-02 14:38:53.011+00
e8f1c15e-66de-40b2-8dac-4f6de3ebd327,b2276154-9082-b9d5-34fd-c8c0006f10f2,2,task1,learnt,How to create images and basic shapes using code and ,2026-08-02 12:01:23.345+00
e905c666-73fb-436b-a0f4-06898c5950e9,b2276154-9082-b9d5-34fd-c8c0006f10f2,1,pre,confidence_processing,1,2026-08-01 11:20:16.894+00
e92e9085-44b7-4b6c-b1d4-12b34d72afaa,3f73833c-ad7d-c3b6-b375-383e7eae4e29,2,task2,learnt,how to connect Arduino with Processing. I don't feel I necessarily understand this other than copying and pasting but I guess the point was jut to make them talk to eachother and I don't know enough coding to have done that manually,2026-08-02 13:08:38.944+00
e936d8a7-73a5-46d1-b451-cb85898ccc50,a85b7bff-098d-7182-6dd1-f509e1c4a3be,1,task2,learnt,how to vary rate of LED,2026-08-02 11:08:43.208+00
e94f1d09-b7f2-4b88-bf14-c11a954f863c,a85b7bff-098d-7182-6dd1-f509e1c4a3be,2,task1,learnt,basics of writing code into P,2026-08-02 12:01:56.432+00
e96727bc-d070-437a-9188-8fde50987dab,a85b7bff-098d-7182-6dd1-f509e1c4a3be,2,task1,learnt,"basics of writing code into Processing, creating shapes and adding colours. h",2026-08-02 12:02:17.994+00
e9845ecb-8d91-47f7-af4e-e108f27dcb12,48a390b2-f05b-58e0-01c4-88992742c5d5,2,exit,challenges,Unsure how to trna,2026-08-02 15:01:32.009+00
e9a129e2-e4ec-4943-8743-ecd828dd2513,b2276154-9082-b9d5-34fd-c8c0006f10f2,2,task1,learnt,How to create images and basic shapes using code and where,2026-08-02 12:01:23.965+00
e9ba699f-42a3-433a-a7cc-72693c3c0fd8,331e64a9-20ea-b8b6-0cf8-34a07c2ab075,2,task3,learnt,controllin,2026-08-02 13:22:06.296+00
e9c22ea8-3918-431e-ad3e-2e2b4f05ce58,dd32a375-a1f4-cfb5-1eb3-51f0ef6afd91,1,exit,confidence_troubleshoot_code,5,2026-08-02 11:08:38.933+00
e9dfc5ac-0779-456a-8ecc-5cd88ab82094,c3f22102-00d9-5f36-79b7-267eee5f1f0a,2,exit,improve,Maybe a ,2026-08-02 15:01:06.071+00
ea06f182-68fe-4d8e-8432-ae2471651caa,0c67f223-00bc-7ae4-f408-7e5114428ba6,2,task1,learnt,I familiarised myself with basic functions in processing and how sequencing of code and placing it within void setup or draw can impact the grap,2026-08-02 12:03:07.671+00
ea0ff088-acb2-4d90-88b9-b990dc19759b,b2276154-9082-b9d5-34fd-c8c0006f10f2,2,task4,learnt,How to integrate audio files into the processing environment and begin adjusting and manipulating these files su,2026-08-02 14:37:48.959+00
ea1a898f-9466-4fd0-bdfc-a69d98bf935a,fa81bca3-a30c-be64-b71d-df2a1287f8d5,1,task3,understood,5,2026-08-01 14:23:20.452+00
ea778659-4917-482a-912d-7eb2c02b9467,aebaf27f-3b1e-d8ea-38c0-1f9f35f1be1b,2,task2,learnt,"Difference between float and int (probably from task 1), connecting Arduino, remembering to ",2026-08-02 13:07:05.436+00
ea96a6ea-ead3-4679-92f2-54661d509383,3f73833c-ad7d-c3b6-b375-383e7eae4e29,2,task1,learnt,"creating shapes in Processing, using track pad to control these and then having a go at translating real world objects into code using J",2026-08-02 12:02:31.439+00
eb48f1eb-dba5-4b51-844a-a339997ab713,3f73833c-ad7d-c3b6-b375-383e7eae4e29,2,exit,challenges,"Wifi was a bit of a challenge, as was not having enough sounds already on my laptop. Sometimes not quite sure still whic",2026-08-02 15:03:11.027+00
eb7929c9-bfc6-480d-9cde-5dcf2a8fad04,b08cbec8-5361-79aa-b266-abaa03aa0a97,1,exit,worked_well,"Very useful instant feeback, that helped me understand the link between the signal I was sending and the action produced/producing the signal

Seeing the difference between analog and digital pins using colours was helpful to see which light corresponds to the digital or analogue pins",2026-08-02 11:08:40.391+00
eba2a0e7-c011-46c1-8b16-217e5db6a935,0c67f223-00bc-7ae4-f408-7e5114428ba6,2,task5,learnt,"I learned how to mix sound and visuals. I have not yet been able to use different sound files, but that would be great to useout. ",2026-08-02 15:02:59.702+00
eba7268b-f653-42f2-bae5-12bcafbe8f23,0c67f223-00bc-7ae4-f408-7e5114428ba6,2,task4,learnt,"I was not able to put this task into practice as I did not have sound files and had to download them, which took ",2026-08-02 14:39:10.418+00
ebe295c3-1f7b-453f-800f-96734a7c2113,0c67f223-00bc-7ae4-f408-7e5114428ba6,1,pre,confidence_circuits,2,2026-08-01 11:20:55.263+00
ebec7af4-59ba-4681-96db-0a607829614d,dd32a375-a1f4-cfb5-1eb3-51f0ef6afd91,2,task2,learnt,setting up the arduino to be controlled by our ,2026-08-02 13:06:58.179+00
ec1490d2-fd52-48b3-a11b-57597f79fdb2,0c67f223-00bc-7ae4-f408-7e5114428ba6,2,exit,challenges,"The sculpting code app is well structured, but I am not sure how it is supporting learning when ",2026-08-02 15:04:03.649+00
ec215bdb-5848-4ddb-9629-3dd35702dfc7,a85b7bff-098d-7182-6dd1-f509e1c4a3be,2,task1,learnt,"basics of writing code into Processing, creating sha",2026-08-02 12:02:05.784+00
ec4d21c3-5fc6-408d-b268-9088f3117e66,0c67f223-00bc-7ae4-f408-7e5114428ba6,2,task1,learnt,I familiarised myself with basic functions in processing and how sequencing of code and placing it within void setup or draw can impact the visual. ,2026-08-02 12:03:16.674+00
ec4faca1-4dc7-4797-86b9-c0d3691e8509,331e64a9-20ea-b8b6-0cf8-34a07c2ab075,1,exit,confidence_troubleshoot_circuits,3,2026-08-02 11:09:37.008+00
ec826a72-3a94-4275-97c3-4e3e6b406031,48a390b2-f05b-58e0-01c4-88992742c5d5,2,exit,challenges,Unsure how to m,2026-08-02 15:01:36.752+00
ec9ae12b-dc7b-465a-a395-952b11b77a7e,dd32a375-a1f4-cfb5-1eb3-51f0ef6afd91,2,exit,worked_well,it really worked ,2026-08-02 15:04:11.855+00
eca70e99-2807-4301-9072-f07308558c42,b08cbec8-5361-79aa-b266-abaa03aa0a97,1,pre,confidence_processing,2,2026-08-01 11:19:56.672+00
ed0ad816-e744-49cc-a64a-71ad0e5ef0bd,0c67f223-00bc-7ae4-f408-7e5114428ba6,2,task5,learnt,I learned how to mix sound and visuals. I also learnt ,2026-08-02 15:02:01.023+00
ed13a070-40e2-4c6a-b234-55a4d4704359,0c67f223-00bc-7ae4-f408-7e5114428ba6,2,task3,learnt,Learned to modify ,2026-08-02 13:49:55.452+00
ed655e36-e733-4e6d-bd7a-5e0fe6a06e50,b2276154-9082-b9d5-34fd-c8c0006f10f2,2,task4,learnt,How to integrate audio files into the processing environment and begin adjusting and manipulating these files using the d,2026-08-02 14:37:50.688+00
ed8bec36-75f7-49c4-a254-c4338f03e754,331e64a9-20ea-b8b6-0cf8-34a07c2ab075,2,task1,learnt,The basics as to how to use ,2026-08-02 12:01:31.024+00
ee477d12-a11d-4006-b5f5-1cd900827638,96917aa5-e2a8-dae4-3b0f-70179ab41e8d,1,exit,confidence_arduino,3,2026-08-01 14:57:28.365+00
eed6ca00-2660-4b0f-bc59-ef43b588e5ed,3f73833c-ad7d-c3b6-b375-383e7eae4e29,1,exit,confidence_circuits,3,2026-08-01 14:26:43.091+00
eed96f2d-24d8-4299-bdaf-57bddcc5e15d,70d65ebf-28eb-e1e2-ec23-8e8a381f2f32,2,task2,understood,3,2026-08-02 08:16:49.777+00
eefca246-6863-4ac0-8f74-07371542620b,a85b7bff-098d-7182-6dd1-f509e1c4a3be,2,task1,learnt,"basics of writing code into Processing, creating shapes and adding colours. How to use sculpting code app",2026-08-02 12:02:55.267+00
ef30d993-1d15-429f-bc48-561d75f414a3,0c67f223-00bc-7ae4-f408-7e5114428ba6,2,task1,learnt,Familiarise myself ,2026-08-02 12:02:11.632+00
ef39e6a2-677e-4187-ac49-3b12ca8cbcf1,41ae0b9b-1f44-8d29-c33b-63304e77ce38,1,pre,confidence_processing,1,2026-08-01 11:20:11.469+00
ef3c670c-c8d0-4164-8361-1132a4a1dfcf,0c67f223-00bc-7ae4-f408-7e5114428ba6,2,exit,worked_well,Capturing pictures worked well.,2026-08-02 15:06:17.42+00
ef724d6d-0217-473e-8374-d53d7aa4012e,0c67f223-00bc-7ae4-f408-7e5114428ba6,2,task4,learnt,I was not able to put this task into practice as I did not have sound files. ,2026-08-02 14:38:56.304+00
f03466d3-91c9-49d6-ba70-378b30aa36d1,a85b7bff-098d-7182-6dd1-f509e1c4a3be,1,task3,understood,3,2026-08-02 11:08:43.208+00
f0544953-5656-415d-b3ea-ad79d08be7f6,0c67f223-00bc-7ae4-f408-7e5114428ba6,1,pre,confidence_troubleshoot_circuits,2,2026-08-01 11:21:05.6+00
f0a6df87-8773-452d-991f-0191a51ca03c,0c67f223-00bc-7ae4-f408-7e5114428ba6,2,task1,learnt,I familiarised myself with basic functions in processing and how sequencing of code and placing it within void setup or draw can impact the visual. I also worked with ,2026-08-02 12:03:33.657+00
f0aad351-dc01-4c88-aa79-931df3b355d8,a85b7bff-098d-7182-6dd1-f509e1c4a3be,1,task2,learnt,how to vary rate of ,2026-08-01 13:03:37.538+00
f11aae36-9bb9-4776-bf4d-21edc450ec73,dd32a375-a1f4-cfb5-1eb3-51f0ef6afd91,2,task3,learnt,played a bit with the code in processing to see how to affect the output of the draw method. ,2026-08-02 13:32:07.029+00
f11c69d0-21af-465c-9224-98097340719f,3f73833c-ad7d-c3b6-b375-383e7eae4e29,2,exit,challenges,"Wifi was a bit of a challenge, as was not having enough sounds already on my laptop. Sometimes not quite sure still which ",2026-08-02 15:03:11.302+00
f1817bf5-9558-42b5-a2e0-17b5f4e3d36a,dd32a375-a1f4-cfb5-1eb3-51f0ef6afd91,2,exit,challenges,i think it would be good to have a little animation that runs to give,2026-08-02 15:03:13.481+00
f1858bd6-413f-4362-9f5e-0af815b2392e,b2276154-9082-b9d5-34fd-c8c0006f10f2,1,exit,improve,Working,2026-08-01 14:53:10.508+00
f1ad8c67-7522-4d62-8fa6-96ffef512d59,c3f22102-00d9-5f36-79b7-267eee5f1f0a,1,task3,learnt,I like,2026-08-01 14:23:46.602+00
f1c065ad-294e-4192-8708-abdc312c987f,dd32a375-a1f4-cfb5-1eb3-51f0ef6afd91,2,task1,understood,5,2026-08-02 12:01:04.932+00
f24ace87-ed9e-452e-9f3f-ce7b65a9fa66,921863db-9039-4735-ad64-7128c862d715,1,pre,done_physical_computing,probe,2026-07-27 21:27:36.292814+00
f2b1a0a0-76b2-4b4e-9cb0-b1078d3c862f,fa81bca3-a30c-be64-b71d-df2a1287f8d5,1,pre,confidence_troubleshoot_code,3,2026-08-01 11:20:25.605+00
f2bad875-8845-4bca-8956-883119c2d67d,96917aa5-e2a8-dae4-3b0f-70179ab41e8d,1,task2,understood,4,2026-08-02 11:08:42.079+00
f2e1ae7c-1736-4ed2-a065-8ecb0ca27b27,48a390b2-f05b-58e0-01c4-88992742c5d5,2,task3,learnt,Using different coding to manilu,2026-08-02 13:31:20.832+00
f32802fd-f16d-4ac4-bb69-5c05d87f9513,0c67f223-00bc-7ae4-f408-7e5114428ba6,2,task2,understood,4,2026-08-02 13:06:51.332+00
f3283564-f0ef-4b33-82a2-8da40eb5ca63,3f73833c-ad7d-c3b6-b375-383e7eae4e29,2,task5,learnt,"assigning sounds to visuals, controlling both or either with manual dial, exploring looping through sounds until the assigned threshold value is met, making sounds and ",2026-08-02 15:02:26.575+00
f396060c-60cf-4c6b-94be-c5bed8122ec2,b2276154-9082-b9d5-34fd-c8c0006f10f2,2,task1,learnt,How to create images and basic shapes using code,2026-08-02 12:01:22.318+00
f39e5d89-c817-41c4-8f93-2d25efe51b7d,aebaf27f-3b1e-d8ea-38c0-1f9f35f1be1b,2,exit,confidence_processing,3,2026-08-02 15:04:32.847+00
f3bd44f1-b225-478a-b3cc-025b6da86209,c3f22102-00d9-5f36-79b7-267eee5f1f0a,2,task3,learnt,It was good to try out different ways of playing with size and shape using the arduino as an input. I will use some of the different functions later!,2026-08-02 13:33:52.953+00
f3caaad6-da98-4df6-8449-09257d560369,a85b7bff-098d-7182-6dd1-f509e1c4a3be,2,task1,learnt,basics of ,2026-08-02 12:01:45.295+00
f43f282e-e208-43f6-a0cf-1a354e52674c,a85b7bff-098d-7182-6dd1-f509e1c4a3be,1,exit,confidence_troubleshoot_code,3,2026-08-02 11:08:43.208+00
f4485f5f-223c-4967-b704-0c12227314db,a85b7bff-098d-7182-6dd1-f509e1c4a3be,2,task2,learnt,how to download ,2026-08-02 13:06:43.246+00
f4aa23be-ed3c-46b6-ab4d-198598e10514,3f73833c-ad7d-c3b6-b375-383e7eae4e29,2,exit,challenges,"Wifi was a bit of a challenge, as was not having enough sounds already on my laptop. Sometimes not quite sure still which",2026-08-02 15:03:11.158+00
f4d3cb32-a241-4e69-82a6-40f926b4b538,dd32a375-a1f4-cfb5-1eb3-51f0ef6afd91,2,exit,worked_well,it really worked much better than expected in interpreting the ,2026-08-02 15:04:32.01+00
f4feb6cc-369e-4fe8-a236-d5ffe6f37dc7,70d65ebf-28eb-e1e2-ec23-8e8a381f2f32,1,pre,confidence_troubleshoot_code,3,2026-08-02 08:03:04.372+00
f5106597-680f-4226-acfa-c3cd37cc04c2,48a390b2-f05b-58e0-01c4-88992742c5d5,1,exit,challenges,Ensuring all the PINS were ,2026-08-01 14:26:28.881+00
f5516356-3231-4b3e-b3c6-7f240b7c0717,3f73833c-ad7d-c3b6-b375-383e7eae4e29,2,task2,learnt,how to connect Arduino with Processing. ,2026-08-02 13:07:52.942+00
f568c525-622e-4bbd-a98e-22a7cb746e29,0c67f223-00bc-7ae4-f408-7e5114428ba6,2,task2,learnt,I learned to access and upload libraries on Arduino and Processing. Setting up both hardware and software is not complicated but not straightforward either. It is great to use a physical input to change the graphic through the example of the ,2026-08-02 13:09:21.042+00
f59f8ea7-be8e-4761-a500-bdd6363e37f2,dd32a375-a1f4-cfb5-1eb3-51f0ef6afd91,2,task2,learnt,setting up the arduino to be controlled by our program in processing. we needed to download a specific library in both the arduino environment and processing. we found how to make sure that processing could see and accept input from the arduino. we used a program in processing to accept input from the knob connected to ,2026-08-02 13:09:06.546+00
f5a934a6-9105-4f91-9d01-8eb6e4f73f8d,dd32a375-a1f4-cfb5-1eb3-51f0ef6afd91,2,task4,learnt,"how to import wav files into processing. how to play sounds and change things like playback rate, amplitude and duration of playback. ",2026-08-02 14:38:20.866+00
f5d1a856-fb37-4d1a-93da-d4ce7e9b1f6e,0c67f223-00bc-7ae4-f408-7e5114428ba6,2,task3,understood,4,2026-08-02 15:06:17.419+00
f61e1fd4-3986-4796-b22c-19ef6daefb36,3f73833c-ad7d-c3b6-b375-383e7eae4e29,2,task5,learnt,"assigning sounds to visuals, controlling both or either with manual dial, ",2026-08-02 15:01:38.356+00
f66179b6-9875-4e67-bd71-c251b97f30d1,0c67f223-00bc-7ae4-f408-7e5114428ba6,2,task1,learnt,"I familiarised myself with basic functions in processing and how sequencing of code and placing it within void setup or draw can impact the visual. I also worked with sculpting app; it is a useful app, but I am not sure how interact with it to adapt the visual. ",2026-08-02 12:04:33.23+00
f69dcf33-f8ec-44f7-a3bc-1c90b899a706,aebaf27f-3b1e-d8ea-38c0-1f9f35f1be1b,2,exit,challenges,"Not any really, bit of a lag with the wifi but fairly intuitive, I liked pulling from generated code to supplement my processing sketch",2026-08-02 15:02:46.236+00
f6b5927c-aa06-46a8-8077-6a34bc644650,0c67f223-00bc-7ae4-f408-7e5114428ba6,2,task1,learnt,I familiarised myself with basic functions in processing and how sequencing of code and placing it within void setup or draw can impact the visual. T,2026-08-02 12:03:22.867+00
f6e232cb-c3f7-407c-9f1f-769cf9037796,aebaf27f-3b1e-d8ea-38c0-1f9f35f1be1b,2,exit,challenges,"Not any really, ",2026-08-02 15:02:04.441+00
f74b4ad4-a307-47e1-a388-23611f0e7656,b08cbec8-5361-79aa-b266-abaa03aa0a97,1,exit,confidence_troubleshoot_code,5,2026-08-02 11:08:40.391+00
f75692f3-eb59-4d59-a34c-26b214aa6988,dd32a375-a1f4-cfb5-1eb3-51f0ef6afd91,2,task2,learnt,setting up the arduino to be controlled by our program in processing. we needed to download a specific library in both the arduino environment and processing. we found how to make sure that processing could see and accept input from the arduino. we used a program in processing to accept input from the knob connected to the arduino ,2026-08-02 13:09:10.912+00
f785cd4c-da54-421d-8316-1f6da08d0117,3f73833c-ad7d-c3b6-b375-383e7eae4e29,2,task2,learnt,how to connect Arduino with Processing. I ,2026-08-02 13:07:53.403+00
f7aff647-ba96-4616-8d45-bc462a9cb6ba,aebaf27f-3b1e-d8ea-38c0-1f9f35f1be1b,2,task4,understood,3,2026-08-02 14:38:30.372+00
f7d083bf-6f30-43ac-98ff-e7cb076e0ff8,3f73833c-ad7d-c3b6-b375-383e7eae4e29,1,pre,confidence_troubleshoot_code,1,2026-08-01 11:20:24.098+00
f80ed3af-0ddd-4773-892b-cb976249abd0,fec64d1a-b0df-59db-b5b0-a8576f4a2ac1,2,task2,learnt,Learned how to connect Arduino to Processing and control the parameters of objects i,2026-08-02 13:07:05.531+00
f86b8a64-a09e-47c1-bc03-4922ed8eba2b,a85b7bff-098d-7182-6dd1-f509e1c4a3be,2,task3,learnt,How t,2026-08-02 13:07:11.257+00
f876d724-5476-4c8e-9432-3f9b96afa94d,70d65ebf-28eb-e1e2-ec23-8e8a381f2f32,1,task1,learnt,this is a test ignore the answer and the UUID ,2026-08-02 08:03:18.743+00
f8e1196b-396c-4cc9-b1b7-8e5d01fbadaf,aebaf27f-3b1e-d8ea-38c0-1f9f35f1be1b,2,task1,learnt,"How to translate shapes and colours into code using processing, language is adaptable, how to use the mous",2026-08-02 12:02:01.125+00
f91e9884-b0ed-4efa-9209-15e349b3b88f,b08cbec8-5361-79aa-b266-abaa03aa0a97,1,exit,ease,5,2026-08-01 14:24:46.531+00
f9358b36-5f9a-4dfc-ae6b-6e1a049bae61,70d65ebf-28eb-e1e2-ec23-8e8a381f2f32,1,task1,understood,2,2026-08-02 08:03:07.749+00
f9401955-8f46-4892-897b-e1f5eb900e5b,fec64d1a-b0df-59db-b5b0-a8576f4a2ac1,2,task2,learnt,Learned how to connect Arduino to Processing and control the parameters of objects using the analog output of th,2026-08-02 13:07:20.243+00
f94fd08f-9fbb-4adb-9f82-aea199852fb1,a85b7bff-098d-7182-6dd1-f509e1c4a3be,2,task2,learnt,how to download libraries for ,2026-08-02 13:06:51.787+00
f95d1149-c08d-46d3-94b8-86f553d8f605,dd32a375-a1f4-cfb5-1eb3-51f0ef6afd91,2,exit,challenges,i think it would be good to have a little animation that runs to give confirmation to know when it is actively processing ,2026-08-02 15:03:30.428+00
f9622ea3-7c39-4cae-a383-2a3e1769602e,48a390b2-f05b-58e0-01c4-88992742c5d5,2,exit,challenges,Unsure how to transfer code between Sc,2026-08-02 15:01:51.802+00
f96b2465-f21a-494f-9ada-24783daf07c5,fec64d1a-b0df-59db-b5b0-a8576f4a2ac1,2,task3,learnt,Manipulating parameters within Processing using analog output from Arduin,2026-08-02 13:31:22.152+00
f9761ff6-4bfa-439d-ab14-51cf463e3c1a,3f73833c-ad7d-c3b6-b375-383e7eae4e29,1,pre,confidence_circuits,2,2026-08-02 11:07:57.202+00
f9adfd32-ef7b-4f13-b3bc-15bb39fb1674,70d65ebf-28eb-e1e2-ec23-8e8a381f2f32,1,pre,confidence_circuits,3,2026-08-02 08:03:58.659+00
f9c367b3-3e34-4545-830f-b9d6a3985139,0c67f223-00bc-7ae4-f408-7e5114428ba6,2,task1,learnt,I familiarise myself ,2026-08-02 12:02:17.095+00
f9eb3923-1df0-41c4-a5a3-c2b2f7e5870e,b2276154-9082-b9d5-34fd-c8c0006f10f2,2,task1,learnt,How to create images and basic shapes using code and how to use a third,2026-08-02 12:01:33.149+00
f9fe10eb-d518-4664-8d08-5514e1eedd9d,dd32a375-a1f4-cfb5-1eb3-51f0ef6afd91,2,task2,learnt,setting up the arduino to be controlled by our program in processing. we needed to download a specic,2026-08-02 13:07:21.906+00
fa018719-d174-43bb-8e4f-38ee868ff27f,3f73833c-ad7d-c3b6-b375-383e7eae4e29,2,task1,learnt,"creating shapes in Processing, using track pad to control these and then having a go at translating real world objects into code usic ",2026-08-02 12:02:28.924+00
fa60461d-9e5d-432c-8a23-565d6f1dcf90,c3f22102-00d9-5f36-79b7-267eee5f1f0a,2,task3,learnt,It was good to try out different ways of playing with size and shape using the arduino as an input. I will use some o,2026-08-02 13:33:43.552+00
fa65dcc4-77d8-42a4-b33c-6cffa2a6991f,b2276154-9082-b9d5-34fd-c8c0006f10f2,2,task2,learnt,Figured out how to incorporate arduino and processing by ensuring that the relevant libraries are installed so that the programs can speak to each other. This has been,2026-08-02 13:07:13.248+00
fa71d683-2bb7-449c-aacf-17fd32ab5ffd,331e64a9-20ea-b8b6-0cf8-34a07c2ab075,1,task2,understood,3,2026-08-01 13:05:21.262+00
fa952d61-fe3d-4966-bc58-cdaa2af6e89c,0c67f223-00bc-7ae4-f408-7e5114428ba6,2,exit,confidence_troubleshoot_code,3,2026-08-02 15:06:17.42+00
fa9e917d-e8db-4432-945e-93b0c0875ffd,0c67f223-00bc-7ae4-f408-7e5114428ba6,2,task3,learnt,"Learned to modify input control and graphic, but mainly through changing numbers between brackets and looking up information in Processing reference guides, not through the scul",2026-08-02 13:51:22.176+00
fa9f12bc-b1ff-4668-9c6f-29acbb9c3bad,aebaf27f-3b1e-d8ea-38c0-1f9f35f1be1b,2,exit,worked_well,"As above, I could add sections from this to my own processing sketch, bit of back and forth with issues but that i",2026-08-02 15:03:32.182+00
fad42f39-8538-43f9-aca0-2a4305b4a4d3,41ae0b9b-1f44-8d29-c33b-63304e77ce38,1,exit,confidence_arduino,3,2026-08-01 14:28:10.734+00
fb1c3271-39c6-4609-9740-223081e1ff65,b2276154-9082-b9d5-34fd-c8c0006f10f2,2,task2,learnt,Figure out how to incorporate arduino and processing,2026-08-02 13:06:31.433+00
fb3746f5-2798-4b32-af7f-ca5ec18b14f6,3f73833c-ad7d-c3b6-b375-383e7eae4e29,2,task2,learnt,how to connect Arduino with ,2026-08-02 13:07:50.364+00
fb51ee46-b9db-4b49-b5e8-b808a1eccbf8,48a390b2-f05b-58e0-01c4-88992742c5d5,2,task2,learnt,Leae,2026-08-02 13:06:07.705+00
fb6bae3e-df64-4156-a5e8-c13cd0c45d51,0c67f223-00bc-7ae4-f408-7e5114428ba6,2,exit,challenges,"The sculpting code app is well structured, but I am not sure how to best modify ",2026-08-02 15:04:26.832+00
fb86837d-1862-44fa-a262-dc1f68d167b5,3f73833c-ad7d-c3b6-b375-383e7eae4e29,2,task2,learnt,how to connect Arduino with Processing. I don't fee,2026-08-02 13:07:57.151+00
fba111bc-fdc4-48f9-854d-0ef1235008cc,b2276154-9082-b9d5-34fd-c8c0006f10f2,2,exit,confidence_processing,4,2026-08-02 15:02:31.935+00
fbe6b8f0-c86e-4b5f-a5c7-a93fd5da7403,c3f22102-00d9-5f36-79b7-267eee5f1f0a,2,task4,learnt,"It was cool to use the rotary dial to make discrete selections, I liked adding in extra sounds and layering some of the visuals from earlier",2026-08-02 14:39:07.227+00
fbf8e19a-89a8-4ad3-8d4b-a1762a93e28d,3f73833c-ad7d-c3b6-b375-383e7eae4e29,2,exit,challenges,"Some shapes it struggled to understand, aside from that super intuitive",2026-08-02 15:04:10.229+00
fbf9a4c6-c2f8-46ba-a11b-f70f95779358,c3f22102-00d9-5f36-79b7-267eee5f1f0a,1,pre,confidence_circuits,4,2026-08-02 11:07:59.452+00
fc1302bd-1be2-4312-b699-fa986296c4a9,96917aa5-e2a8-dae4-3b0f-70179ab41e8d,1,exit,confidence_troubleshoot_code,2,2026-08-01 14:57:35.724+00
fc54e359-bac0-4f0c-a11a-8a754db28c48,48a390b2-f05b-58e0-01c4-88992742c5d5,2,task3,learnt,Using different coding to manipulte,2026-08-02 13:31:23.215+00
fc996c65-0eca-495d-9592-37647fb2418c,fec64d1a-b0df-59db-b5b0-a8576f4a2ac1,2,task5,learnt,Bringing together audio and visual manipulation using controlle,2026-08-02 15:01:58.341+00
fce91216-dc87-4a02-be40-0d2379185621,dd32a375-a1f4-cfb5-1eb3-51f0ef6afd91,2,exit,challenges,i think it would be good to have a little animation that runs to give confirmation to know when it is actively processing instruc,2026-08-02 15:03:33.78+00
fceb037e-02a2-4857-8321-d5e2cd1c0fe2,a85b7bff-098d-7182-6dd1-f509e1c4a3be,2,task3,learnt,How to link up ,2026-08-02 13:07:18.38+00
fceb425f-4373-4574-a79f-4ec21b7edc50,b2276154-9082-b9d5-34fd-c8c0006f10f2,2,task1,learnt,How to create images and basic shapes using code and how to use a third-party software,2026-08-02 12:01:35.968+00
fd17df28-84ae-41fa-815d-6556afd215d2,3f73833c-ad7d-c3b6-b375-383e7eae4e29,2,task2,learnt,how to connect Arduino wi,2026-08-02 13:07:49.808+00
fd303f1a-9d42-4bff-8090-5530104b6672,fec64d1a-b0df-59db-b5b0-a8576f4a2ac1,2,task2,learnt,Learned how to connect Arduino to Processing and control the parameters of obj,2026-08-02 13:06:59.39+00
fd5f91db-a6e8-4c8a-9e77-fd16ace98a97,331e64a9-20ea-b8b6-0cf8-34a07c2ab075,2,task4,learnt,"learned about controlling audio with physical dials, using pr",2026-08-02 14:37:31.513+00
fd8f2392-21f3-424d-8c99-c4d43ed5fbc5,b2276154-9082-b9d5-34fd-c8c0006f10f2,2,task1,learnt,How to create images and basic shapes using code,2026-08-02 12:01:27.876+00
fd97142b-b93b-410e-bf93-1a10f2d0ad83,48a390b2-f05b-58e0-01c4-88992742c5d5,1,task2,understood,5,2026-08-01 13:03:18.152+00
fd9903bc-a94f-4130-9c77-2f55892e9d39,dd32a375-a1f4-cfb5-1eb3-51f0ef6afd91,2,task1,learnt,basic code structure in processing. how to make a basic image and ,2026-08-02 12:01:29.896+00
fdac8e27-328d-415a-a7cc-46749febf505,dd32a375-a1f4-cfb5-1eb3-51f0ef6afd91,1,exit,ease,5,2026-08-01 14:25:35.498+00
fdc75656-50d2-4714-998c-84dc6e68bd58,1142f088-0475-5367-98e0-aad6a178c561,2,task4,learnt,Learned how to implement sound. ,2026-08-02 14:37:11.271+00
fdd43fdc-b527-4468-a1a5-e5e972feb916,0c67f223-00bc-7ae4-f408-7e5114428ba6,2,task2,learnt,"I learned to access and upload libraries on Arduino and Processing. Setting up both hardware and software is not complicated, but not straightforward either. ",2026-08-02 13:08:43.04+00
fdf261d3-6c70-4f9d-b389-1cd63403e352,a85b7bff-098d-7182-6dd1-f509e1c4a3be,2,task1,learnt,"basics of writing code into Processing, creating shapes and adding colours. ",2026-08-02 12:02:20.229+00
fe13d2b2-75af-4d7f-9795-e7fa46742bab,331e64a9-20ea-b8b6-0cf8-34a07c2ab075,2,task4,learnt,"learned about controlling audio with physical dials, using ",2026-08-02 14:37:31.289+00
fe1f3e53-5fb2-498f-9649-a9e9a75aac32,a85b7bff-098d-7182-6dd1-f509e1c4a3be,2,task1,learnt,"basics of writing code into Processing, creating shapes and adding colours. How to use sculpting code",2026-08-02 12:02:53.454+00
fe486cbf-e58a-42b5-a8f0-4b6955df69f9,b2276154-9082-b9d5-34fd-c8c0006f10f2,1,task2,understood,4,2026-08-02 11:09:37.659+00
fe51119b-e112-4b2b-b10a-cfcd4deb9f86,331e64a9-20ea-b8b6-0cf8-34a07c2ab075,1,pre,confidence_arduino,1,2026-08-01 11:20:13.802+00
fe555e1d-c25d-4969-9b41-4b48442cf04f,b08cbec8-5361-79aa-b266-abaa03aa0a97,1,exit,confidence_arduino,4,2026-08-02 11:08:40.391+00
fe5a0a56-2e27-427b-9762-5a18520b2272,1142f088-0475-5367-98e0-aad6a178c561,2,exit,improve,It was so cool and fun and intuitive. Easy to use. Nothing to improve honestly!!! ,2026-08-02 15:03:07.546+00
fe6b81ba-3d3f-4faa-ba30-4b93ad490fc1,0c67f223-00bc-7ae4-f408-7e5114428ba6,2,task5,learnt,I learned how to mix sound and visuals. ,2026-08-02 15:01:45.737+00
feb3c0e6-2d8d-4892-a3e5-f76080c9a819,b08cbec8-5361-79aa-b266-abaa03aa0a97,1,task2,understood,5,2026-08-02 11:08:40.392+00
fefb9534-8524-47ff-a410-5be5d397a1e8,0c67f223-00bc-7ae4-f408-7e5114428ba6,1,exit,confidence_circuits,3,2026-08-02 15:06:17.42+00
ff203933-13ef-4cae-afd8-a8995b2046ff,3f73833c-ad7d-c3b6-b375-383e7eae4e29,2,task5,learnt,"assigning sounds to visuals, controlling both or either with manual dial, exploring looping through sounds until the assigned th",2026-08-02 15:02:11.759+00
ff286ddb-c3a1-45a5-b640-519c928b40d1,96917aa5-e2a8-dae4-3b0f-70179ab41e8d,1,exit,confidence_circuits,3,2026-08-01 14:57:33.469+00
ffad9f35-cc21-43b0-af05-ef9f614bc507,dd32a375-a1f4-cfb5-1eb3-51f0ef6afd91,2,exit,improve,dark mode please,2026-08-02 15:04:53.776+00
ffd6ecc8-2370-41a8-8a47-5d57ba5c7503,dd32a375-a1f4-cfb5-1eb3-51f0ef6afd91,2,task3,learnt,played a bit with the code in processing to see how to affect the outp,2026-08-02 13:31:52.304+00